"X","X18S","X.16S","X.ITS2","X.ITS1","X.trnl","X.12S","Combined_COI"
"Codium_ott900417",7,9,1,1,5,0,2
"Heterosiphonia_ott715237",0,0,0,0,0,0,32
"Prorocentrum_ott797787",112,2,180,180,0,0,322
"Sargassum_ott1022964",67,81,956,63,5,0,248
"Bonnemaisonia_ott813599",1,2,0,0,0,0,14
"Ficopomatus_ott631822",11,1,0,0,0,0,11
"Teredo_?genus_in_phylum_Mollusca?_ott326000",6,1,0,0,0,0,156
"Marenzelleria_ott4324",25,58,0,0,0,0,46
"Membranipora_ott394410",6,6,0,0,0,3,109
"Cordylophora_ott765326",1,19,0,2,0,0,27
"Ectopleura_ott183503",18,29,0,6,0,0,38
"Mysis_ott373475",14,15,0,0,0,0,439
"Caprella_ott5342283",115,13,0,3,0,2,1139
"Amphibalanus_ott1042709",9,23,0,3,0,39,370
"Bythotrephes_ott1022217",5,3,0,0,0,1,29
"Cercopagis_ott613790",11,6,0,0,0,1,7
"Rhithropanopeus_ott190393",1,7,0,0,0,1,290
"MRCA_of_taxa_in_Procambarus_ott79859",16,465,16,48,0,86,974
"Homarus_ott28240",24,33,1,0,0,12,70
"Crepidula_ott24075",2,60,0,0,0,1,250
"Mytilopsis_?genus_in_kingdom_Archaeplastida?_ott3855889",7,8,0,0,0,0,194
"Dreissena_ott201849",8,105,0,0,0,2,442
"Crassostrea_ott355604",66,478,217,463,0,92,1674
"Petricolaria_ott801950",7,0,0,0,0,0,2
"Corbicula_?genus_in_kingdom_Metazoa?_ott775909",47,142,1,36,0,4,538
"Potamopyrgus_ott1096311",95,93,97,93,0,37,401
"Caulerpa_ott858052",493,39,357,434,6,0,5
"MRCA_of_taxa_in_Myriophyllum_ott1009624",359,6,388,354,115,0,0
"MRCA_of_taxa_in_Egeria_ott510834",3,0,7,15,1,0,0
"Pontederiaceae_ott399488_MRCA_of_taxa_in_Pontederia_ott925567",3,4,1,0,2,0,0
"Hydrilla_ott332058",7,0,11,11,116,0,1
"Nymphoides_ott128308",217,11,231,227,70,0,1
"Pistia_ott431396",2,2,1,0,59,0,2
"Salvinia_?genus_in_kingdom_Archaeplastida?_ott1088898",4,1,3,3,10,0,0
"Ciona_ott744230",30,0,6,17,0,1,569
"Didemnum_ott872818",25,1,0,0,0,0,320
"Styela_ott750982",28,2,1,2,0,2,343
"Molgula_ott792373",54,0,0,0,0,0,59
"Diplosoma_?genus_in_kingdom_Archaeplastida?_ott207879",35,0,0,0,0,0,168
"Alosa_ott272032",0,62,0,0,0,41,221
"Morone_ott223661",6,24,0,0,0,21,81
"Osmerus_ott36124",1,30,15,4,4,17,163
"Salmo_ott982359",50,186,4,117,0,98,733
"MRCA_of_taxa_in_Pterois_ott1075152",0,23,0,0,0,20,401
"Ameiurus_ott687155",0,71,0,0,0,38,297
"Anguilla_ott854195",117,1160,0,12,0,208,1291
"Ctenopharyngodon_ott1005942",2,45,0,0,0,12,92
"Cyprinus_ott429094",18,137,4,11,42,79,399
"MRCA_of_taxa_in_Gambusia_ott617459",3,52,0,0,0,65,206
"Gasterosteus_ott401070",4,69,0,0,0,29,326
"Hypophthalmichthys_ott429092",3,88,0,0,0,157,222
"Lepisosteus_ott904121",5,40,0,0,0,26,82
"MRCA_of_taxa_in_Neogobius_ott475615",1,7,0,0,0,25,120
"Oncorhynchus_?genus_in_Opisthokonta?_ott739931",522,308,10,52,0,304,1520
"Platichthys_?genus_in_subkingdom_SAR?_ott8030313",27,64,42,1,0,16,200
"MRCA_of_taxa_in_Salvelinus_ott688331",276,242,7,194,0,107,529
"MRCA_of_taxa_in_Scardinius_ott221708",1,11,0,2,0,4,151
"Tinca_ott753549",18,13,1,17,0,6,161
"Danio_ott1005927",12,59,1,1,0,42,185
"Mylopharyngodon_ott837015",0,38,0,0,0,37,56
"MRCA_of_taxa_in_Alexandrium_ott643103",534,1,559,559,0,0,86
"Corbula_ott146151",7,2,0,0,0,0,4
"Botryllus_ott487092",18,1,0,0,0,0,577
"Botrylloides_ott158430",18,0,0,0,0,1,178
"Mya_ott7365",17,38,2,8,0,2,128
"Asparagopsis_ott813597",0,2,0,0,2,0,64
"MRCA_of_taxa_in_Oreochromis_ott336599",209,181,1,96,0,82,903
"Rangia_ott12985",1,5,0,0,0,0,21
"Belonesox_ott913304",0,2,0,0,0,1,9
"Dorosoma_ott681329",0,44,0,0,0,15,66
"Monopterus_ott765109",15,134,1,7,0,18,1750
"Lepomis_ott836782",1,203,0,0,0,51,421
"Acanthophora_?genus_in_kingdom_Archaeplastida?_ott413613",1,0,0,0,0,0,19
"Microspongium_ott216054",2,0,3,10,0,0,16
"MRCA_of_taxa_in_Alepes_ott705019",0,8,99,42,0,11,224
"Avrainvillea_ott364813",0,2,0,0,2,0,0
"Cladophora_ott296540",384,0,107,113,0,0,0
"Dictyosphaeria_ott380779",2,0,0,0,0,0,0
"Fucus_?genus_in_subkingdom_SAR?_ott466981",122,15,121,126,3,0,187
"MRCA_of_taxa_in_Gracilaria_ott354216",224,6,132,168,11,0,709
"Grateloupia_?genus_in_kingdom_Archaeplastida?_ott880575",33,9,34,42,7,0,197
"Hypnea_ott935814",7,1,0,10,1,0,859
"Kappaphycus_ott1048640",33,2,35,35,0,0,267
"Neosiphonia_?genus_in_kingdom_Archaeplastida?_ott832954",39,0,0,0,0,0,161
"Ulva_ott951293",353,47,670,454,5,0,34
"Antithamnion_ott878963",8,16,0,9,1,0,9
"Gymnodinium_ott274333",68,1,51,43,0,0,24
"Antithamnionella_ott1037139",2,3,0,1,1,0,1
"Bryopsis_ott59787",3,12,1,1,4,0,1
"Macrocystis_ott753589",5,2,89,78,2,0,53
"Polysiphonia_ott674045",102,0,0,0,15,0,551
"Aureococcus_ott533289",45,9,5,4,6,0,6
"Aureoumbra_ott533287",11,6,0,0,1,0,1
"Bangia_ott864267",75,2,11,12,1,0,83
"Caulacanthus_ott409808",0,2,0,0,0,0,5
"MRCA_of_taxa_in_Chaetoceros_ott1075856",747,36,49,37,0,0,70
"Chroodactylon_ott94100",3,1,0,0,0,0,0
"Cyclotella_ott422797",183,3,90,87,0,0,6
"Diatoma_ott621376",16,4,0,0,0,0,0
"Hymenomonas_ott252500",2,0,0,0,0,0,0
"Nitellopsis_ott589054",5,1,1,1,0,0,0
"Skeletonema_ott569303",259,19,89,47,2,0,62
"Sphacelaria_ott213048",7,0,3,3,0,0,7
"Stephanodiscus_ott422805",24,2,12,9,0,0,0
"Thalassiosira_?genus_in_class_Bacillariophyceae?_ott5251200",456,167,114,276,0,0,52
"Bufo_ott187219",0,996,0,0,0,115,116
"Paranais_ott887882",8,9,4,4,0,8,13
"Branchiura_?genus_in_Lophotrochozoa?_ott790921",46,4,3,1,1,4,363
"Gianius_ott2847383",1,1,0,0,0,0,1
"Potamothrix_ott13305",20,11,7,4,0,4,89
"Ripistes_ott975577",1,1,0,0,0,1,2
"Heteromastus_ott849195",12,0,0,0,0,0,29
"Boccardiella_ott250872",9,0,0,0,0,0,11
"Salmacina_ott968520",6,0,0,0,0,0,0
"Amphicteis_ott414333",3,10,0,0,0,0,5
"Capitella_ott966426",15,287,0,0,0,0,332
"Dodecaceria_ott1067345",7,5,0,0,0,0,21
"Exogone_ott908171",13,0,0,0,0,0,30
"Harmothoe_ott1067342",162,27,60,209,0,0,829
"Hydroides_ott327392",117,0,156,0,0,0,190
"Lumbrineris_ott834687",19,24,0,0,0,0,55
"Marphysa_ott260032",65,62,0,0,0,1,317
"Myxicola_ott1015788",2,1,0,0,0,0,16
"Neanthes_ott563194",75,40,0,0,0,2,226
"Nephtys_ott336918",26,31,0,0,0,1,186
"Pomatoleios_ott377245",1,0,0,0,0,0,0
"Scolelepis_ott58639",9,2,0,0,0,0,59
"Spiophanes_ott752055",15,26,0,0,0,0,56
"Streblospio_ott347042",5,2,0,0,0,0,110
"Tanysphyrus_ott1060605",4,1,0,0,0,0,28
"Ammothea_ott605711",13,10,0,0,0,8,22
"Cygnus_ott140298",10,13,0,0,0,24,37
"Tricellaria_ott542314",1,1,0,0,0,0,4
"Cryptosula_ott411224",3,2,0,0,0,1,3
"Schizoporella_ott780192",2,2,0,0,0,1,22
"Amathia_?genus_in_Lophotrochozoa?_ott377466",15,260,0,0,0,4,342
"Watersipora_ott367038",5,6,0,0,0,1,229
"Alcyonidium_ott619649",3,2,0,0,0,0,4
"Bowerbankia_ott401890",0,0,0,0,0,0,0
"Cribrilina_ott891646",1,1,0,0,0,0,25
"Lophopodella_ott1089110",0,3,0,0,0,3,0
"Savigyniella_ott168114",0,1,0,0,0,0,0
"Tubulipora_ott442967",4,2,0,0,0,3,3
"Myxobolidae_ott412085_MRCA_of_taxa_in_Myxobolus_ott978532",465,2,9,36,0,0,0
"Carijoa_ott223051",0,35,0,0,0,2,13
"Diadumene_?genus_in_family_Diadumenidae?_ott119895",16,7,0,0,0,9,21
"Tubastraea_ott1079001",8,7,20,19,0,8,58
"Bunodeopsis_ott3674720",1,2,0,1,0,1,0
"Maeotias_ott350083",0,1,0,1,0,0,3
"Moerisia_ott358897",7,15,0,3,0,0,5
"Gonionemus_ott691178",0,15,0,0,0,0,120
"Pennaria_ott707212",7,112,0,0,0,0,15
"MRCA_of_taxa_in_Clytia_ott274816",94,133,0,0,0,0,151
"MRCA_of_taxa_in_Dynamena_ott58255",3,16,0,0,0,0,3
"Eudendrium_ott309117",6,60,0,0,0,1,7
"Plumulariidae_ott566406_MRCA_of_taxa_in_Plumularia_ott566403",93,177,0,0,0,0,80
"Sarsia_ott551392",6,51,0,0,0,1,55
"MRCA_of_taxa_in_Thyroscyphus_ott479994",2,5,0,0,0,0,1
"Turritopsis_ott566398",4,120,0,0,0,3,35
"Phyllorhiza_ott939030",9,14,0,0,0,0,31
"Drymonema_ott1045721",30,19,0,14,0,0,20
"Cassiopea_ott811884",15,11,0,0,0,0,202
"Aurelia_?genus_in_phylum_Cnidaria?_ott404483",180,192,21,135,0,7,802
"Craspedacusta_ott997626",58,8,24,35,0,2,65
"Jassa_ott1011199",4,0,0,0,0,0,596
"Grandidierella_ott203745",5,2,0,0,4,0,293
"Monocorophium_ott2984975",3,0,0,0,0,0,68
"Ampelisca_ott166911",2,0,0,0,0,0,107
"Ampithoe_ott173413",30,12,14,14,0,2,161
"Corophium_ott852801",2,0,0,0,0,0,1018
"Echinogammarus_ott989110",39,4,0,0,0,0,163
"Ericthonius_ott227565",6,2,0,0,0,0,21
"Microjassa_ott2988061",0,0,0,0,0,0,1
"Parapleustes_ott2985895",0,0,0,0,0,0,1
"Stenothoe_ott166909",1,0,0,0,0,0,11
"MRCA_of_taxa_in_Chthamalus_ott663611",268,415,254,254,0,168,3126
"Megabalanus_ott198845",19,21,1,0,0,24,86
"Daphnia_ott59084",172,418,92,201,0,964,2016
"Eubosmina_ott799133",11,81,29,29,0,2,77
"Mytilicola_ott972843",5,0,0,0,0,0,51
"Pseudodiaptomus_ott350917",29,1,11,48,0,0,163
"Argulus_ott628405",43,1,1,0,1,1,343
"Cyclops_ott850514",118,50,5,15,0,197,126
"Eurytemora_ott703986",62,2,0,0,0,2,568
"Heteropsyllus_ott2953126",0,0,0,0,0,0,13
"Megacyclops_ott706129",10,0,2,2,0,4,7
"Neoergasilus_ott2945864",1,0,0,0,0,0,1
"Nitokra_ott127533",8,0,0,0,0,0,17
"Oithona_ott840664",68,1,5,4,0,0,320
"Salmincola_ott1011853",0,0,0,0,0,0,3
"Schizopera_ott794379",0,1,0,0,0,1,45
"Skistodiaptomus_ott262139",40,40,42,42,0,0,55
"Tachidius_ott2950670",1,0,0,0,0,0,4
"Hemigrapsus_ott356745",7,84,0,0,0,8,894
"Carcinus_ott706427",7,20,0,5,0,2,1008
"Callinectes_ott1086763",5,139,0,0,0,81,1284
"Scylla_ott182918",6,389,0,7,0,55,946
"Cancer_ott706443",5,14,0,0,0,2,145
"Porcellanidae_ott211908_MRCA_of_taxa_in_Petrolisthes_ott211907",8,464,0,0,0,4,1028
"Sphaeroma_?genus_in_Opisthokonta?_ott857782",12,57,0,0,0,1,58
"Synidotea_ott456956",0,1,0,0,0,2,14
"Ligia_?genus_in_Opisthokonta?_ott907473",5,442,0,0,0,95,623
"Dynamenopsis_ott2996107",4,4,0,0,0,0,0
"Dynoides_ott2995982",6,6,0,0,0,0,0
"Joeropsis_ott405261",2,1,0,0,0,0,4
"Paranthura_ott97965",1,1,0,0,0,0,0
"Eusarsiella_ott687304",1,0,0,0,0,0,6
"Hemimysis_ott159969",8,55,0,0,0,0,215
"Nebalia_ott25454",4,0,2,0,0,1,164
"MRCA_of_taxa_in_Penaeus_ott5845",130,873,13,39,2,222,1982
"MRCA_of_taxa_in_Macrobrachium_ott736328",214,1790,60,10,0,48,2136
"Ophiactis_ott66287",9,6,0,0,0,0,465
"Glugea_ott107154",2,2,0,0,0,0,0
"Heterosporis_ott556040",0,1,0,0,0,0,0
"Sphaeromyxa_ott596338",11,0,0,0,0,0,0
"Alitta_ott961521",7,5,0,1,0,3,100
"Pseudopolydora_ott328224",27,95,0,0,0,0,35
"Tubificoides_ott767198",104,67,1,1,0,32,238
"Boccardia_ott132231",55,48,0,0,0,0,116
"Euchone_ott438509",1,1,0,0,0,0,1
"Clymenella_ott148575",5,6,0,0,0,1,22
"Sabellastarte_ott992905",5,28,0,0,0,0,33
"Janua_ott617644",1,0,0,0,0,0,0
"Perna_ott239657",115,42,272,89,0,5,404
"Ruditapes_ott244017",118,165,20,73,0,38,989
"Ceratostoma_ott586028",0,14,0,4,0,5,44
"Geukensia_ott945731",5,6,0,0,0,2,104
"Theora_ott970393",0,2,0,0,0,0,0
"Acar_ott466200",3,1,0,0,0,0,236
"Tenellia_ott136283",0,85,0,0,0,0,92
"Tritonia_?genus_in_kingdom_Archaeplastida?_ott922140",5,41,0,0,3,2,70
"Urosalpinx_ott850829",0,2,0,0,0,2,37
"Anomia_?genus_in_Lophotrochozoa?_ott923101",4,3,1,0,0,0,24
"Crucibulum_?genus_in_Nucletmycea?_ott212212",4,8,3,4,0,1,10
"Ostrea_ott969369",49,345,19,49,0,21,261
"Pinctada_ott978940",177,130,55,69,0,25,200
"Thecacera_ott760610",0,3,0,0,0,0,3
"Adula_ott685170",2,0,0,0,0,0,12
"Limnoperna_ott94514",3,1,0,0,0,0,59
"Nuttallia_ott139251",4,25,0,1,0,2,22
"MRCA_of_taxa_in_Rattus_ott271578",450,242,0,7,0,232,1683
"Zalophus_ott749640",5,3,0,0,0,15,2
"Lyrodus_ott720171",21,0,0,0,0,0,16
"Arcuatula_ott50688",8,3,1,0,0,1,81
"Gemma_ott801953",1,2,0,0,0,0,43
"Mercenaria_ott198203",14,21,3,7,0,2,182
"Mytella_ott887489",3,1,0,2,0,1,269
"Chama_ott907208",21,14,11,11,0,0,7
"Lasmigona_ott241667",0,9,0,2,2,3,43
"Pisidium_ott102604",69,449,0,0,0,0,166
"Sphaerium_ott439667",33,114,0,32,0,0,27
"Tapes_ott1037284",6,10,6,6,0,0,24
"Tridacna_ott255553",79,675,8,10,1,10,2462
"Venerupis_ott73960",10,2,6,1,0,0,3
"Littorina_ott622240",10,36,0,0,0,42,1388
"Rapana_ott410563",2,34,0,5,0,8,165
"Busycotypus_ott33661",2,1,0,0,0,0,2
"Ocinebrellus_ott726979",0,74,0,0,0,83,9
"Bithynia_ott358007",3,5,0,40,0,2,485
"Cipangopaludina_ott33664",14,150,0,0,0,8,157
"Gillia_ott2919874",0,1,0,0,0,0,0
"Hermissenda_ott159592",27,27,0,0,0,2,64
"MRCA_of_taxa_in_Nassarius_ott54415",40,509,0,13,0,164,916
"Philine_ott714769",6,71,1,1,0,0,81
"Pomacea_ott843053",90,120,1,0,0,21,1450
"Radix_ott49822",24,31,185,10,0,5,949
"Viviparus_ott821764",7,10,0,0,0,3,34
"Cuthona_ott951821",16,21,0,0,0,0,44
"Cumanotus_ott2876373",0,0,0,0,0,0,2
"Dendronotus_ott553083",7,224,0,0,0,0,255
"Eubranchus_ott896651",4,41,0,0,0,0,69
"Glossodoris_ott5870",4,49,0,0,0,7,36
"Anguillicola_ott886518",124,0,0,0,0,0,592
"Zizania_ott6052",5,5,11,8,62,0,0
"Zosteraceae_ott637476_MRCA_of_taxa_in_Zostera_ott637473",11,2,80,180,3,0,5
"Undaria_?genus_in_subkingdom_SAR?_ott495530",8,7,34,29,4,0,46
"Achillea_ott828101",35,0,128,96,261,0,0
"Aegopodium_ott626557",0,0,20,18,5,0,0
"Agrostis_ott765663",109,6,178,159,75,0,0
"Alliaria_ott647374",0,2,23,17,14,0,0
"Allium_ott781603",367,115,1916,1837,2837,0,4
"Alnus_ott791135",106,48,174,163,42,0,0
"Alopecurus_ott592847",8,6,55,44,47,0,0
"Alternanthera_ott202139",29,3,19,11,59,0,0
"Amaranthus_ott317808",281,9,355,328,126,0,0
"Ambrosia_ott601709",16,5,23,9,30,0,0
"Ammophila_?genus_in_kingdom_Archaeplastida?_ott345181",13,3,8,8,8,0,172
"Andropogon_ott1040674",3,68,10,4,18,0,0
"Anthriscus_ott105025",2,2,30,23,67,0,0
"Arenaria_?genus_in_kingdom_Archaeplastida?_ott842196",91,3,146,136,392,4,21
"Armoracia_ott309270",0,0,4,1,3,0,0
"Artemisia_ott465444",388,61,1191,473,565,1,2
"Arundo_ott659311",1,7,13,7,241,0,0
"Atriplex_ott892390",44,3,153,118,53,0,0
"Barbarea_ott35918",3,2,22,16,8,0,0
"Batis_?genus_in_kingdom_Archaeplastida?_ott532270",3,1,0,0,0,0,11
"Betula_ott267715",25,35,304,274,128,0,7
"Bidens_ott759041",20,62,288,250,180,0,0
"MRCA_of_taxa_in_Boehmeria_ott594987",59,7,113,95,200,0,0
"Brachiaria_ott861075",5,4,11,11,14,0,0
"Butomus_ott1027656",6,4,2,2,3,0,3
"Cabomba_ott10947",5,9,9,5,21,0,1
"Callitriche_ott1080799",41,0,54,40,228,0,1
"Campsis_ott1069509",1,0,25,2,3,0,1
"Cannabis_ott84008",41,16,24,7,95,0,7
"Capsella_ott833648",13,10,52,41,41,11,3
"Carex_ott8151",461,7,3926,3444,1247,0,0
"Carpobrotus_ott973287",0,0,2,2,7,0,0
"Chelidonium_?genus_in_kingdom_Archaeplastida?_ott957281",4,3,14,6,9,0,2
"Chenopodium_ott892400",50,17,289,244,371,4,2
"Cirsium_ott70338",107,16,310,253,303,0,0
"Clintonia_ott512520",1,2,0,0,0,0,1
"Commelina_ott865574",2,1,7,3,32,0,0
"Conium_ott1001044",3,0,150,148,0,0,0
"MRCA_of_taxa_in_Crataegus_ott842028",10,8,1138,75,106,0,0
"Cynosurus_ott603860",5,2,11,11,14,0,0
"Delairea_ott1004957",2,0,2,1,1,0,0
"Dioscorea_ott216462",91,49,57,47,620,0,1
"MRCA_of_taxa_in_Dryopteris_ott41618",3,9,4,3,594,0,1
"Echinochloa_ott911853",27,23,156,159,243,0,1
"Ellisia_?genus_in_kingdom_Archaeplastida?_ott1052573",1,0,1,0,0,0,0
"Epilobieae_ott5747162_MRCA_of_taxa_in_Epilobium_ott139464",128,2,99,25,145,0,0
"Loliinae_ott107346_MRCA_of_taxa_in_Festuca_ott105596",300,13,219,158,1253,0,0
"MRCA_of_taxa_in_Frangula_ott714689",34,0,4,0,45,0,3
"Gleditsia_ott677309",61,7,13,0,15,0,1
"Glyceria_ott1019667",76,4,52,46,14,0,0
"Gnaphalium_ott464144",3,0,25,17,15,0,0
"Gypsophila_ott28652",33,4,40,19,28,0,2
"Halymenia_ott733207",2,7,1,1,0,0,124
"Hedera_?genus_in_kingdom_Archaeplastida?_ott524077",9,2,72,67,279,0,0
"Helenium_ott661684",2,0,153,148,7,0,0
"Helianthus_ott515718",196,90,253,221,22,2,15
"Hordeum_ott493874",74,40,720,720,288,1,69
"Hydrocharis_?genus_in_kingdom_Archaeplastida?_ott40116",2,0,3,2,2,0,1
"Hydrocotyle_ott2500",52,4,21,12,45,0,0
"Hygrophila_?genus_in_kingdom_Archaeplastida?_ott430387",414,1888,1170,668,14,37,7583
"Impatiens_ott928414",118,10,479,416,321,0,6
"Ipomoea_ott494853",180,95,860,541,312,4,3
"Iris_?genus_in_kingdom_Archaeplastida?_ott229529",20,64,236,151,775,1,3
"Juncus_ott545838",9,1,141,72,103,0,0
"Lactuca_ott515705",56,15,183,200,219,0,7
"Leucojum_ott779385",0,1,5,3,3,0,0
"Liatris_ott509201",3,0,68,56,1,0,0
"Ligustrum_ott597438",37,8,145,128,28,0,1
"Lomentaria_ott209224",2,0,0,0,0,0,52
"Loteae_ott1039849_MRCA_of_taxa_in_Lotus_ott879017",113,5,271,257,281,0,2
"Lupinus_ott878988",78,40,324,261,319,0,1
"Lycopus_?genus_in_kingdom_Archaeplastida?_ott304968",3,1,24,4,41,0,0
"MRCA_of_taxa_in_Lysimachia_ott383201",93,6,156,113,306,0,0
"Lythrum_ott886850",7,3,21,17,4,0,0
"Marrubium_ott82492",2,0,0,0,79,0,0
"Marsilea_ott164371",4,3,2,1,218,0,0
"Medicago_ott1086823",257,82,389,334,71,0,2
"MRCA_of_taxa_in_Mentha_ott55626",16,10,188,134,183,0,0
"Microstegium_ott100202",5,0,5,5,304,0,0
"Mollugo_ott584118",20,4,20,18,2,0,0
"MRCA_of_taxa_in_Morus_ott658501",87,18,210,161,529,9,41
"Muhlenbergia_ott739168",0,0,228,201,336,0,0
"Myosotis_ott82995",209,0,131,127,35,0,0
"Myosoton_ott689113",3,0,3,1,3,0,0
"Najas_?genus_in_kingdom_Archaeplastida?_ott785528",780,2,525,521,107,0,1
"MRCA_of_taxa_in_Nasturtium_ott556233",3,4,23,12,17,0,0
"Nepeta_ott314683",15,2,54,48,51,0,0
"Oenothera_ott277109",20,93,151,110,201,0,0
"Ornithogalum_ott29643",2,0,52,51,133,0,0
"MRCA_of_taxa_in_Parthenocissus_ott329909",1,0,0,0,104,0,0
"Phalaris_ott651214",20,2,110,104,87,0,0
"Phragmites_ott651210",2,6,16,11,233,0,0
"Picea_ott517942",11,24,28,98,671,0,16
"Plantago_ott609811",337,14,443,168,451,0,46
"Pluchea_ott1083098",19,2,115,114,34,0,0
"Poa_ott985636",267,27,533,479,787,0,5
"Polygonum_ott43733",39,0,219,190,82,0,4
"Populus_ott530178",91,127,67,113,1020,9,22
"Portulaca_ott63152",139,9,170,149,26,0,0
"Potamogeton_ott1048840",581,2,341,251,443,0,2
"Potentilleae_ott891491_MRCA_of_taxa_in_Potentilla_ott187939",320,31,424,283,634,0,0
"Prunella_?genus_in_kingdom_Archaeplastida?_ott314693",1,17,57,29,15,13,75
"Puccinellia_ott591700",83,4,126,105,84,0,0
"MRCA_of_taxa_in_Ranunculus_ott387812",22,14,775,666,1057,0,1
"Rhizophora_ott81498",10,6,66,60,81,0,0
"Rhynchospora_ott267277",69,0,85,77,130,0,0
"Rumex_ott904386",36,12,136,63,79,0,0
"Sagina_ott459770",11,0,39,12,10,0,0
"Salix_?genus_in_kingdom_Archaeplastida?_ott458856",121,40,405,175,105,0,46
"Salsola_ott675985",25,1,99,83,10,0,1
"Solanum_ott1020645",931,443,930,836,1121,27,60
"MRCA_of_taxa_in_Solidago_ott872351",81,1,250,114,160,0,16
"Sonchus_ott761940",6,16,225,216,100,0,4
"Sorghum_ott553001",71,17,19,84,100,0,2
"Sparganium_ott928468",35,4,22,0,48,0,0
"Spirodela_ott431386",12,3,2,2,13,0,2
"Stachydeae_ott534796_MRCA_of_taxa_in_Stachys_ott868253",17,9,9,1,454,0,0
"Tamarix_ott941999",55,5,214,180,175,0,1
"MRCA_of_taxa_in_Tradescantia_ott877742",1,3,2,0,53,0,0
"Trapa_ott17303",0,9,27,26,28,0,0
"Trifolium_?genus_in_kingdom_Archaeplastida?_ott935477",427,35,433,374,295,0,12
"Trillium_ott76108",7,14,113,102,248,0,0
"Typha_ott613197",8,4,21,0,169,0,4
"Ulmus_?genus_in_kingdom_Archaeplastida?_ott94969",30,24,44,31,64,0,0
"Veronica_ott507032",483,4,484,699,1063,0,2
"Viburnum_ott757503",33,24,261,245,306,0,6
"MRCA_of_taxa_in_Viola_ott295597",307,18,746,622,486,0,9
"Wisteria_ott489481",17,7,26,22,2,0,0
"Xanthium_ott217669",33,3,92,36,9,0,0
"Bothriocephalus_ott560031",39,10,10,29,0,0,53
"Dactylogyrus_ott869972",258,2,0,270,0,2,2
"Ichthyocotylurus_ott751876",6,0,5,7,0,0,23
"Neascus_ott3670002",3,0,0,0,0,0,3
"Scolex_ott5308164",0,0,0,0,0,0,0
"Timoniella_ott5694039",0,0,0,0,0,0,0
"Trochammina_ott781935",19,0,0,0,0,0,0
"Corythionella_ott1029966",0,0,0,0,0,0,0
"Varanus_ott713772",0,175,2,0,6,224,92
"Caiman_ott335589",0,46,1,1,0,8,159
"MRCA_of_taxa_in_Cliona_ott336987",46,0,79,123,0,0,117
"Gelliodes_ott373440",1,0,0,0,0,0,7
"MRCA_of_taxa_in_Suberites_ott127352",20,1,2,1,0,1,61
"MRCA_of_taxa_in_Prosuberites_ott804711",32,0,31,31,0,0,1
"Macrobiotus_ott661258",128,0,22,1,0,0,227
"Milnesium_ott1085413",45,0,24,0,0,0,66
"Polyandrocarpa_ott750981",4,1,0,0,0,0,11
"Ascidia_ott1033778",15,0,0,0,0,0,44
"Phallusia_ott12608",17,0,0,0,0,0,18
"Corella_ott726840",35,0,0,0,0,0,24
"Microcosmus_ott331381",14,1,0,0,0,1,323
"Symplegma_ott879606",3,0,0,0,0,0,18
"MRCA_of_taxa_in_Tilapia_ott288087",0,20,0,0,0,18,63
"MRCA_of_taxa_in_Acanthogobius_ott961465",2,9,0,0,0,38,45
"MRCA_of_taxa_in_Cephalopholis_ott764292",0,101,0,0,0,74,852
"Lutjanidae_ott129124_MRCA_of_taxa_in_Lutjanus_ott943201",26,138,0,4,0,150,1986
"Gonodactylaceus_ott880801",2,4,0,0,0,1,81
"Zebrasoma_ott199069",0,21,0,0,0,15,120
"MRCA_of_taxa_in_Acanthurus_ott605288",1,52,0,0,0,55,753
"MRCA_of_taxa_in_Anchoa_ott788271",0,57,0,0,0,5,102
"Apeltes_ott591252",0,5,0,0,0,3,18
"Archoplites_ott778316",0,1,0,0,0,0,3
"Astronotus_ott952934",0,8,0,0,0,8,22
"MRCA_of_taxa_in_Balistes_ott983863",0,14,0,0,0,13,87
"Cichla_ott356757",0,24,0,0,0,9,209
"Cittarium_ott624125",4,129,0,0,0,2,109
"Clariidae_ott828985_MRCA_of_taxa_in_Clarias_ott240810",24,181,21,16,2,29,519
"Enneacanthus_ott313431",0,4,0,0,0,1,39
"Esox_ott216166",5,43,0,0,0,30,585
"Hemichromis_ott312267",0,8,0,0,0,2,81
"Heros_ott870667",0,7,0,0,0,6,19
"Hoplosternum_ott64010",0,10,0,0,0,12,35
"Hypomesus_ott45215",0,73,47,0,2,30,281
"Ictalurus_ott701512",20,63,3,3,0,56,151
"Leuciscus_ott458413",0,68,0,2,0,12,164
"Limia_ott587129",0,7,0,0,0,52,43
"Lucania_ott84264",0,1,0,0,0,0,16
"MRCA_of_taxa_in_Misgurnus_ott1058127",4,35,0,0,0,87,370
"Mylocheilus_ott358408",0,10,0,0,0,3,17
"Noturus_ott357170",3,29,0,0,0,29,158
"Orthodon_?genus_in_subkingdom_SAR?_ott2825679",0,2,0,0,0,2,1
"Osteoglossum_ott179342",5,7,0,0,0,10,15
"MRCA_of_taxa_in_Oxydoras_ott842277",0,6,0,0,0,4,9
"Parachromis_ott295716",0,13,0,0,0,4,45
"Petromyzon_ott321787",8,7,1,1,0,6,54
"Phenacobius_ott636315",0,25,0,0,0,14,25
"Piaractus_ott24679",1,15,0,0,0,9,109
"Plecoglossus_ott736001",1,11,1,0,0,19,9
"Proterorhinus_ott264416",0,6,0,0,0,4,39
"MRCA_of_taxa_in_Pygocentrus_ott603563",5,19,0,0,0,7,95
"Luciopercinae_ott57420_MRCA_of_taxa_in_Sander_ott557675",6,89,0,5,0,87,218
"Aeromonas_ott181216",0,83307,0,3,1,0,3
"Piscirickettsia_ott822752",0,3944,0,0,0,0,0
"Renibacterium_ott93006",0,82,0,0,0,0,0
