"","18S"," 16S"," CO1"," COI"," COX1"," ITS2"," ITS1"," trnl"," 12S"
"Codium fragile subsp. tomentosoides","0","0","0","0","0","0","0","0","0"
"Heterosiphonia","0","0","0","32","0","0","0","0","0"
"Prorocentrum minimum","13","0","27","3","17","19","19","0","0"
"Sargassum muticum","3","2","0","10","20","13","5","0","0"
"Bonnemaisonia hamifera","1","0","0","10","0","0","0","0","0"
"Ficopomatus enigmaticus","8","1","0","11","0","0","0","0","0"
"Teredo navalis","4","0","0","156","0","0","0","0","0"
"Marenzelleria viridis","7","13","0","16","0","0","0","0","0"
"Membranipora membranacea","3","2","49","27","1","0","0","0","1"
"Bugula neritina","1","123","3","371","3","0","0","0","4"
"Cordylophora caspia","1","2","0","10","0","0","2","0","0"
"Ectopleura crocea","9","4","0","16","1","0","6","0","0"
"Mysis diluviana","1","1","0","29","0","0","0","0","0"
"Caprella mutica","5","3","1","317","2","0","0","0","1"
"Amphibalanus improvisus","0","8","1","57","0","0","0","0","11"
"Bythotrephes longimanus","2","2","0","27","0","0","0","0","1"
"Cercopagis pengoi","11","6","0","6","1","0","0","0","1"
"Rhithropanopeus harrisii","1","7","0","274","16","0","0","0","1"
"Orconectes","7","263","0","519","12","65","65","0","24"
"Procambarus clarkii","9","38","0","392","14","16","48","0","7"
"Homarus americanus","22","17","0","14","3","1","0","0","4"
"Crepidula fornicata","1","6","0","34","31","0","0","0","1"
"Mytilopsis leucophaeata","2","6","0","57","7","0","0","0","0"
"Dreissena polymorpha","6","18","0","93","5","0","0","0","2"
"Crassostrea gigas","29","71","1","335","17","19","41","0","11"
"Petricolaria pholadiformis","7","0","0","1","1","0","0","0","0"
"Corbicula fluminea","9","21","35","104","29","0","0","0","4"
"Dreissena rostriformis bugensis","2","20","0","29","0","0","0","0","0"
"Melanoides tuberculata","0","81","9","25","41","2","0","0","17"
"Potamopyrgus antipodarum","94","77","0","353","33","97","93","0","35"
"Caulerpa taxifolia","164","22","0","0","0","157","154","0","0"
"Myriophyllum aquaticum","4","2","0","0","0","5","5","2","0"
"Egeria densa","2","0","0","0","0","5","13","1","0"
"Eichhornia crassipes","1","2","0","0","0","1","0","0","0"
"Hydrilla verticillata","7","0","0","0","1","11","11","116","0"
"Nymphoides peltata","7","0","0","0","1","10","7","3","0"
"Pistia stratiotes","2","2","0","0","2","1","0","59","0"
"Salvinia molesta","0","0","0","0","0","0","0","2","0"
"Ciona intestinalis","24","0","6","333","6","6","16","0","1"
"Didemnum vexillum","3","1","10","109","75","0","0","0","0"
"Styela clava","9","1","1","63","16","0","1","0","1"
"Molgula manhattensis","32","0","5","42","1","0","0","0","0"
"Ascidiella aspersa","52","0","45","21","4","0","0","0","0"
"Styela plicata","12","1","0","67","31","1","1","0","1"
"Ciona savignyi","6","0","7","100","21","0","1","0","0"
"Diplosoma listerianum","2","0","3","124","2","0","0","0","0"
"Alosa sapidissima","0","17","0","37","3","0","0","0","11"
"Cichlasoma","0","18","61","48","6","0","0","0","2"
"Morone saxatilis","5","9","0","26","2","0","0","0","8"
"Osmerus mordax","1","21","0","119","10","10","4","2","11"
"Salmo salar","12","48","3","255","87","1","4","0","45"
"Pterois volitans","0","11","14","198","3","0","0","0","6"
"Ameiurus melas","0","7","0","168","0","0","0","0","5"
"Ameiurus nebulosus","0","10","0","69","6","0","0","0","8"
"Anguilla rostrata","25","59","0","34","51","0","0","0","57"
"Carassius auratus","28","74","24","197","9","2","17","0","110"
"Ctenopharyngodon idella","2","45","11","71","10","0","0","0","12"
"Cyprinus carpio","18","124","10","267","55","4","11","42","71"
"Gambusia affinis","1","5","0","37","2","0","0","0","7"
"Gambusia holbrooki","2","19","4","32","3","0","0","0","11"
"Gasterosteus aculeatus","4","63","19","153","3","0","0","0","23"
"Gymnocephalus cernua","0","12","0","62","4","0","0","0","7"
"Hypophthalmichthys nobilis","1","44","8","49","37","0","0","0","50"
"Lepisosteus platostomus","0","3","0","8","0","0","0","0","3"
"Neogobius melanostomus","1","5","2","75","17","0","0","0","8"
"Oncorhynchus gorbuscha","2","21","3","104","28","2","13","0","6"
"Oncorhynchus mykiss","371","47","4","346","27","1","3","0","95"
"Platichthys flesus","25","38","0","102","0","1","1","0","8"
"Salmo trutta","38","102","4","221","18","2","110","0","38"
"Salvelinus alpinus","4","83","3","32","10","1","57","0","28"
"Salvelinus fontinalis","1","17","2","50","8","1","17","0","11"
"Scardinius erythrophthalmus","1","11","0","89","2","0","2","0","4"
"Tinca tinca","18","13","1","134","26","1","17","0","6"
"Danio rerio","12","38","1","56","29","1","1","0","15"
"Mylopharyngodon piceus","0","38","3","16","37","0","0","0","37"
"Alexandrium ostenfeldii","78","0","0","1","0","38","37","0","0"
"Alexandrium tamarense","113","0","2","10","4","138","138","0","0"
"Corbula","7","2","1","3","0","0","0","0","0"
"Myriophyllum spicatum","96","4","0","0","0","103","96","41","0"
"Botryllus schlosseri","11","0","7","536","5","0","0","0","0"
"Botrylloides violaceus","3","0","0","35","13","0","0","0","1"
"Mya arenaria","11","24","0","90","15","1","5","0","2"
"Asparagopsis armata","0","0","0","3","1","0","0","0","0"
"Oreochromis mossambicus","4","12","8","123","15","0","1","0","4"
"Charybdis hellerii","0","138","0","160","5","0","1","0","6"
"Rangia cuneata","1","5","0","18","3","0","0","0","0"
"Belonesox belizanus","0","2","0","9","0","0","0","0","1"
"Dorosoma petenense","0","8","0","30","1","0","0","0","5"
"Eriocheir sinensis","27","27","2","53","6","44","49","0","10"
"Monopterus albus","9","104","0","297","1","0","0","0","13"
"Lepomis macrochirus","1","49","0","55","6","0","0","0","20"
"Acanthophora spicifera","1","0","0","6","1","0","0","0","0"
"Microspongium globosum","0","0","0","0","0","0","0","0","0"
"Alepes djedaba","0","3","0","74","4","99","42","0","3"
"Avrainvillea","0","2","0","0","0","0","0","2","0"
"Cladophora sericea","3","0","0","0","0","0","0","0","0"
"Dictyosphaeria cavernosa","2","0","0","0","0","0","0","0","0"
"Fucus cottoni","0","0","0","0","0","0","0","0","0"
"Gracilaria salicornia","37","0","0","114","43","34","34","4","0"
"Grateloupia filicina","1","4","0","3","2","1","1","2","0"
"Hypnea musciformis","1","0","0","60","13","0","0","0","0"
"Kappaphycus alvarezii","16","2","0","13","60","21","21","0","0"
"Neosiphonia","39","0","0","155","6","0","0","0","0"
"Ulva fasciata","13","5","0","0","3","8","12","0","0"
"Antithamnion nipponicum","1","0","0","0","0","0","1","0","0"
"Asparagopsis taxiformis","0","2","0","40","19","0","0","2","0"
"Gymnodinium catenatum","14","0","0","13","1","10","10","0","0"
"Antithamnionella spirographidis","1","1","0","0","0","0","0","0","0"
"Bryopsis pennata","0","0","0","0","0","0","0","0","0"
"Gracilaria tikvahiae","2","0","0","13","14","1","1","0","0"
"Grateloupia turuturu","1","1","0","7","0","1","3","1","0"
"Macrocystis integrifolia","1","2","0","0","2","9","6","2","0"
"Polysiphonia","102","0","0","386","165","0","0","15","0"
"Actinocyclus","9","3","0","1","2","0","0","0","0"
"Aureococcus anophagefferens","45","9","0","0","6","5","4","6","0"
"Aureoumbra lagunensis","10","6","0","0","1","0","0","1","0"
"Bangia atropurpurea","14","0","14","1","3","2","3","0","0"
"Caulacanthus ustulatus","0","0","0","3","0","0","0","0","0"
"Caulerpa serrulata","10","1","0","0","0","8","7","0","0"
"Chaetoceros muellerii","15","4","0","0","0","2","1","0","0"
"Chroodactylon","3","1","0","0","0","0","0","0","0"
"Cyclotella atomus","1","0","0","0","0","2","2","0","0"
"Cyclotella cryptica","17","1","0","1","0","8","6","0","0"
"Cyclotella pseudostelligera","2","0","0","0","0","0","0","0","0"
"Cyclotella","183","3","0","6","0","90","87","0","0"
"Cylindrospermopsis raciborskii","0","15698","0","0","0","0","28","0","0"
"Diatoma","16","4","0","0","0","0","0","0","0"
"Didymosphenia geminata","60","2","0","10","2","0","0","0","0"
"Enteromorpha flexuosa","23","3","0","0","4","31","28","0","0"
"Enteromorpha intestinalis","21","0","0","0","0","49","40","0","0"
"Enteromorpha prolifera","131","5","0","0","3","101","97","0","0"
"Hymenomonas","2","0","0","0","0","0","0","0","0"
"Nitellopsis obtusa","5","1","0","0","0","1","1","0","0"
"Pleurosira laevis","2","0","0","0","0","0","0","0","0"
"Skeletonema potamos","4","0","0","0","5","1","0","0","0"
"Skeletonema subsalsum","13","1","0","0","0","0","0","0","0"
"Sphacelaria","7","0","0","7","0","3","3","0","0"
"Stephanodiscus binderanus","1","0","0","0","0","0","0","0","0"
"Stephanodiscus","24","2","0","0","0","12","9","0","0"
"Thalassiosira baltica","0","0","0","0","0","0","0","0","0"
"Thalassiosira","456","167","0","47","5","114","276","0","0"
"Thalassiosira pseudonana","35","9","0","0","2","26","25","0","0"
"Bufo","0","996","5","90","21","0","0","0","115"
"Paranais frici","3","4","0","6","0","2","2","0","4"
"Branchiura sowerbyi","2","3","0","17","1","1","0","0","3"
"Gianius aquaedulcis","1","1","0","1","0","0","0","0","0"
"Potamothrix bedoti","2","1","0","1","0","0","0","0","1"
"Potamothrix moldaviensis","2","1","0","6","0","1","1","0","1"
"Potamothrix vejdovskyi","1","0","0","2","0","0","0","0","0"
"Ripistes parasita","1","1","0","2","0","0","0","0","1"
"Heteromastus filiformis","5","0","0","9","0","0","0","0","0"
"Polydora cornuta","4","1","0","26","0","0","0","0","0"
"Boccardiella ligerica","1","0","0","0","0","0","0","0","0"
"Salmacina","6","0","0","0","0","0","0","0","0"
"Amphicteis","3","10","0","5","0","0","0","0","0"
"Capitella capitata","5","1","2","19","0","0","0","0","0"
"Dodecaceria concharum","4","2","0","1","0","0","0","0","0"
"Exogone","13","0","0","30","0","0","0","0","0"
"Harmothoe imbricata","150","1","0","105","28","60","208","0","0"
"Hydroides brachyacantha","15","0","0","2","0","2","0","0","0"
"Lumbrineris japonica","0","0","0","23","0","0","0","0","0"
"Marphysa sanguinea","9","5","1","29","2","0","0","0","1"
"Myxicola","2","1","0","16","0","0","0","0","0"
"Neanthes acuminata","74","35","0","71","0","0","0","0","0"
"Neanthes","75","40","0","89","137","0","0","0","2"
"Nephtys longosetosa","1","0","0","25","0","0","0","0","0"
"Polydora","133","47","0","155","52","3","3","1","6"
"Pomatoleios kraussii","1","0","0","0","0","0","0","0","0"
"Scolelepis squamata","1","0","0","8","0","0","0","0","0"
"Spiophanes","15","26","0","55","1","0","0","0","0"
"Streblospio benedicti","2","0","18","38","0","0","0","0","0"
"Acentropus niveus","0","0","0","0","0","0","0","0","0"
"Tanysphyrus lemnae","4","1","0","25","0","0","0","0","0"
"Ammothea hilgendorfi","4","1","1","1","1","0","0","0","1"
"Cygnus olor","0","3","1","9","2","0","0","0","4"
"Tricellaria inopinata","0","0","0","1","0","0","0","0","0"
"Victorella pavida","0","0","0","0","0","0","0","0","0"
"Cryptosula pallasiana","3","2","0","2","1","0","0","0","1"
"Schizoporella","2","2","0","18","4","0","0","0","1"
"Amathia distans","0","1","0","1","0","0","0","0","0"
"Schizoporella errata","0","0","0","10","0","0","0","0","0"
"Watersipora arcuata","1","1","0","26","0","0","0","0","0"
"Alcyonidium gelatinosum","1","0","0","0","0","0","0","0","0"
"Barentsia benedeni","1","0","0","0","0","0","0","0","0"
"Bowerbankia","0","0","0","0","0","0","0","0","0"
"Bugula","1","126","4","381","4","0","0","0","4"
"Bugula pacifica","0","0","0","1","0","0","0","0","0"
"Cribrilina","1","1","0","14","11","0","0","0","0"
"Lophopodella carteri","0","3","0","0","0","0","0","0","3"
"Membranipora","6","6","60","46","3","0","0","0","3"
"Poricella robusta","0","0","0","0","0","0","0","0","0"
"Savigyniella lafonti","0","1","0","0","0","0","0","0","0"
"Tubulipora","4","2","0","1","2","0","0","0","3"
"Watersipora subtorquata","4","4","0","114","2","0","0","0","1"
"Myxobolus cerebralis","30","0","0","0","0","3","30","0","0"
"Carijoa riisei","0","33","0","1","4","0","0","0","2"
"Diadumene lineata","6","3","0","8","2","0","0","0","4"
"Tubastraea coccinea","6","5","0","12","6","5","4","0","6"
"Bunodeopsis","1","2","0","0","0","0","1","0","1"
"Diadumene","16","7","0","19","2","0","0","0","9"
"Diadumene leucolena","2","1","0","11","0","0","0","0","2"
"Garveia","2","3","0","1","0","0","0","0","0"
"Maeotias marginata","0","1","0","3","0","0","1","0","0"
"Moerisia lyonsi","0","0","0","0","0","0","1","0","0"
"Gonionemus vertens","0","3","0","4","0","0","0","0","0"
"Pennaria disticha","4","84","0","0","2","0","0","0","0"
"Campanulariidae","148","148","0","116","2","65","65","0","0"
"Clytia hemisphaerica","13","17","0","19","5","0","0","0","0"
"Dynamena crisioides","1","1","0","0","0","0","0","0","0"
"Eudendrium","6","60","0","6","1","0","0","0","1"
"Gonothyraea","7","7","0","2","0","0","0","0","0"
"Laomedea","17","14","0","13","1","0","0","0","0"
"Obelia dichotoma","18","19","0","18","2","1","1","0","0"
"Obelia longissima","11","10","0","10","1","1","1","0","0"
"Obelia","47","106","0","129","8","2","2","0","0"
"Plumularia strictocarpa","8","6","0","6","0","0","0","0","0"
"Sarsia tubulosa","2","17","0","17","2","0","0","0","1"
"Sertularella diaphana","1","4","0","0","0","0","0","0","0"
"Thyroscyphus fruticosus","0","2","0","0","0","0","0","0","0"
"Tubularia","4","8","0","3","0","0","0","0","0"
"Turritopsis nutricula","1","6","0","4","1","0","0","0","0"
"Phyllorhiza punctata","7","11","0","21","0","0","0","0","0"
"Drymonema dalmatinum","9","6","0","5","0","0","5","0","0"
"Maeotias","0","1","0","3","0","0","1","0","0"
"Cassiopea andromeda","5","4","0","32","7","0","0","0","0"
"Aurelia aurita","19","13","0","223","7","2","29","0","1"
"Craspedacusta sowerbii","37","6","0","60","6","20","31","0","2"
"Jassa marmorata","1","0","0","405","0","0","0","0","0"
"Grandidierella japonica","5","2","0","287","1","0","0","1","0"
"Laticorophium baconi","0","0","0","0","0","0","0","0","0"
"Monocorophium acherusicum","1","0","0","27","0","0","0","0","0"
"Monocorophium insidiosum","1","0","0","36","0","0","0","0","0"
"Gammarus daiberi","0","0","0","6","0","0","0","0","0"
"Ampelisca abdita","0","0","0","0","0","0","0","0","0"
"Ampithoe valida","4","2","0","28","0","0","0","0","0"
"Bemlos virgus","0","0","0","0","0","0","0","0","0"
"Corophium","2","0","0","22","996","0","0","0","0"
"Echinogammarus ischnus","1","0","0","48","0","0","0","0","0"
"Ericthonius brasiliensis","5","2","0","2","0","0","0","0","0"
"Gammarus tigrinus","6","1","0","163","0","0","5","0","1"
"Microjassa","0","0","0","1","0","0","0","0","0"
"Parapleustes","0","0","0","1","0","0","0","0","0"
"Stenothoe","1","0","0","7","4","0","0","0","0"
"Balanus trigonus","2","3","0","15","2","0","0","0","11"
"Balanus","17","14","2","3386","4","0","0","0","26"
"Chthamalus proteus","1","17","0","279","1","0","0","0","1"
"Balanus crenatus","2","1","0","145","0","0","0","0","2"
"Balanus glandula","3","3","0","3149","0","0","0","0","4"
"Megabalanus coccopoma","2","1","0","8","0","0","0","0","2"
"Daphnia galeata galeata","0","0","0","0","0","0","0","0","3"
"Eubosmina coregoni","1","11","0","1","0","4","4","0","2"
"Eubosmina maritima","0","1","0","0","0","1","1","0","0"
"Mytilicola orientalis","2","0","0","28","0","0","0","0","0"
"Pseudodiaptomus inopinus","2","0","0","8","0","1","4","0","0"
"Argulus japonicus","7","1","0","21","7","0","0","0","1"
"Cyclops strenuus","14","4","0","3","0","1","1","0","23"
"Daphnia lumholtzi","0","1","0","14","0","0","0","0","2"
"Eurytemora affinis","33","2","12","380","14","0","0","0","2"
"Heteropsyllus","0","0","0","13","0","0","0","0","0"
"Megacyclops viridis","9","0","0","6","0","2","2","0","3"
"Neoergasilus japonicus","1","0","0","1","0","0","0","0","0"
"Nippoleucon hinumensis","0","0","0","0","0","0","0","0","0"
"Nitokra hibernica","1","0","0","0","10","0","0","0","0"
"Nitokra","8","0","0","7","10","0","0","0","0"
"Oithona davisae","2","0","0","11","0","0","0","0","0"
"Pseudodiaptomus marinus","4","0","0","10","0","2","1","0","0"
"Salmincola","0","0","0","3","0","0","0","0","0"
"Schizopera","0","1","0","40","5","0","0","0","1"
"Skistodiaptomus pallidus","10","10","1","35","0","10","10","0","0"
"Tachidius triangularis","1","0","0","0","0","0","0","0","0"
"Hemigrapsus sanguineus","0","7","51","199","3","0","0","0","4"
"Carcinus maenas","7","18","20","683","0","0","5","0","2"
"Callinectes bocourti","0","11","0","12","6","0","0","0","6"
"Pachygrapsus fakaravensis","0","2","0","1","0","0","0","0","1"
"Scylla serrata","2","107","1","285","8","0","1","0","17"
"Cancer","5","14","1","140","4","0","0","0","2"
"Petrolisthes armatus","4","302","0","16","415","0","0","0","2"
"Sphaeroma quoianum","1","5","0","0","0","0","0","0","0"
"Sphaeroma terebrans","1","9","0","41","1","0","0","0","1"
"Synidotea laevidorsalis","0","0","0","7","0","0","0","0","0"
"Sphaeroma walkeri","2","2","0","0","0","0","0","0","0"
"Ligia exotica","0","110","1","18","98","0","0","0","21"
"Dynamenopsis","4","4","0","0","0","0","0","0","0"
"Dynoides","6","6","0","0","0","0","0","0","0"
"Joeropsis dubia","0","1","0","1","0","0","0","0","0"
"Paranthura","1","1","0","0","0","0","0","0","0"
"Eusarsiella","1","0","0","6","0","0","0","0","0"
"Hemimysis anomala","1","0","0","9","0","0","0","0","0"
"Nebalia","4","0","12","152","0","2","0","0","1"
"Litopenaeus vannamei","38","124","9","143","38","1","4","0","24"
"Macrobrachium olfersii","12","33","0","47","0","0","0","0","0"
"Penaeus monodon","12","145","0","327","81","0","2","0","76"
"Caprella penantis","17","0","0","158","1","0","0","0","0"
"Macrobrachium lar","7","211","0","8","1","0","0","0","0"
"Macrobrachium rosenbergii","20","106","84","257","97","59","5","0","3"
"Palaemon macrodactylus","2","5","0","108","1","0","3","0","1"
"Ophiactis savignyi","0","0","0","128","0","0","0","0","0"
"Glugea hertwigi","0","0","0","0","0","0","0","0","0"
"Heterosporis","0","1","0","0","0","0","0","0","0"
"Sphaeromyxa sevastopoli","0","0","0","0","0","0","0","0","0"
"Hydroides elegans","2","0","0","37","0","0","0","0","0"
"Alitta succinea","4","5","0","22","10","0","0","0","3"
"Polydora ciliata","1","0","0","0","0","0","0","0","0"
"Pseudopolydora paucibranchiata","4","31","0","3","0","0","0","0","0"
"Tubificoides pseudogaster","9","7","0","14","0","0","0","0","5"
"Boccardia proboscidea","26","44","0","23","0","0","0","0","0"
"Euchone","1","1","0","1","0","0","0","0","0"
"Hydroides dirampha","1","0","0","1","0","6","0","0","0"
"Pseudopolydora kempi","0","4","0","0","0","0","0","0","0"
"Clymenella torquata","0","1","0","12","2","0","0","0","1"
"Sabellastarte spectabilis","1","1","0","2","4","0","0","0","0"
"Janua pagenstecheri","1","0","0","0","0","0","0","0","0"
"Perna perna","29","6","0","134","63","222","15","0","0"
"Ruditapes philippinarum","78","131","0","506","259","14","55","0","36"
"Ceratostoma","0","14","8","32","4","0","4","0","5"
"Geukensia demissa","3","6","0","39","59","0","0","0","2"
"Mytilopsis sallei","5","2","0","125","0","0","0","0","0"
"Teredo","6","1","0","156","0","0","0","0","0"
"Theora lubrica","0","2","0","0","0","0","0","0","0"
"Acar plicata","1","0","0","21","0","0","0","0","0"
"Tenellia adspersa","0","2","0","4","0","0","0","0","0"
"Tritonia plebeia","1","2","0","9","0","0","0","0","0"
"Urosalpinx cinerea","0","1","0","28","0","0","0","0","1"
"Anomia","4","3","0","24","0","1","0","0","0"
"Crucibulum spinosum","0","0","0","0","3","0","0","0","0"
"Ostrea edulis","18","20","0","9","4","5","2","0","17"
"Pinctada margaritifera","45","56","0","85","9","1","5","0","8"
"Thecacera pennigera","0","2","0","2","0","0","0","0","0"
"Adula","2","0","0","12","0","0","0","0","0"
"Limnoperna fortunei","3","1","22","35","2","0","0","0","0"
"Nuttallia obscurata","3","9","0","6","0","0","0","0","0"
"Rattus norvegicus","444","94","14","399","62","0","7","0","116"
"Zalophus californianus","5","3","0","1","1","0","0","0","15"
"Lyrodus","21","0","0","16","0","0","0","0","0"
"Musculista senhousia","8","3","1","68","5","1","0","0","1"
"Mytilus galloprovincialis","18","1057","1","599","60","2","26","0","7"
"Gemma gemma","1","2","0","42","1","0","0","0","0"
"Mercenaria mercenaria","14","19","0","161","16","3","7","0","2"
"Mytella charruana","2","0","166","58","10","0","2","0","0"
"Perna viridis","65","29","26","98","31","40","53","0","2"
"Chama pacifica","1","0","0","0","0","0","0","0","0"
"Chama macerophylla","4","4","0","1","0","3","3","0","0"
"Crassostrea virginica","10","4","0","126","102","4","17","0","0"
"Crassostrea ariakensis","11","42","2","96","9","9","46","0","56"
"Lasmigona subviridis","0","1","0","0","4","0","2","0","1"
"Ostrea","49","345","1","203","57","19","49","0","21"
"Pisidium amnicum","8","7","0","12","3","0","0","0","0"
"Pisidium henslowanum","4","13","0","1","1","0","0","0","0"
"Pisidium","69","449","0","142","24","0","0","0","0"
"Pisidium supinum","6","19","0","1","0","0","0","0","0"
"Sphaerium corneum","9","55","0","1","0","0","8","0","0"
"Tapes","6","10","0","24","0","6","6","0","0"
"Tridacna","79","675","147","2172","143","8","10","1","10"
"Venerupis","10","2","0","2","1","6","1","0","0"
"Littorina littorea","4","6","0","741","1","0","0","0","3"
"Littorina saxatilis","1","3","0","101","2","0","0","0","4"
"Rapana venosa","1","16","14","86","3","0","2","0","4"
"Batillaria attramentaria","0","10","0","17","2","0","0","0","2"
"Boonea","1","1","0","6","0","0","0","0","0"
"Busycotypus canaliculatus","1","0","0","2","0","0","0","0","0"
"Ocinebrellus inornatus","0","72","0","5","2","0","0","0","81"
"Myosotella myosotis","3","4","0","1","3","0","0","0","3"
"Potamothrix bavaricus","3","7","0","59","0","5","2","0","1"
"Bithynia tentaculata","3","3","0","15","10","0","5","0","1"
"Cipangopaludina chinensis","5","83","0","82","3","0","0","0","2"
"Cipangopaludina japonica","4","42","1","43","2","0","0","0","1"
"Crepidula","2","60","0","217","33","0","0","0","1"
"Elimia virginica","0","2","0","5","0","0","0","0","0"
"Gillia altilis","0","1","0","0","0","0","0","0","0"
"Hermissenda crassicornis","18","16","0","42","0","0","0","0","0"
"Nassarius","40","509","0","875","41","0","13","0","164"
"Philine auriformis","0","4","0","0","0","0","0","0","0"
"Physella acuta","8","86","47","175","11","2","17","0","3"
"Pomacea canaliculata","49","71","1","971","4","0","0","0","19"
"Radix auricularia","4","3","6","201","24","90","8","0","2"
"Tarebia granifera","0","106","0","6","96","0","0","0","1"
"Valvata piscinalis","2","2","0","1","2","0","0","0","1"
"Viviparus","7","10","0","29","5","0","0","0","3"
"Cuthona","16","21","0","44","0","0","0","0","0"
"Cumanotus","0","0","0","2","0","0","0","0","0"
"Dendronotus frondosus","2","32","0","50","1","0","0","0","0"
"Eubranchus","4","41","0","58","11","0","0","0","0"
"Eubranchus rupium","0","10","0","16","0","0","0","0","0"
"Glossodoris","4","49","0","35","1","0","0","0","7"
"Okenia","1","8","0","51","0","1","1","0","0"
"Anguillicola crassus","59","0","467","60","0","0","0","0","0"
"Sporobolus alterniflorus","12","2","0","0","1","16","15","73","1"
"Sporobolus anglicus","3","0","0","0","0","0","0","5","0"
"Sporobolus densiflorus","4","0","0","0","0","5","5","36","0"
"Sporobolus","298","10","0","0","1","187","161","560","1"
"Zizania latifolia","2","3","0","0","0","5","5","10","0"
"Zostera japonica","0","0","0","0","0","5","8","0","0"
"Undaria pinnatifida","4","7","0","4","42","30","25","4","0"
"Achillea ptarmica","0","0","0","0","0","4","3","2","0"
"Aegopodium podagraria","0","0","0","0","0","6","3","5","0"
"Agrostis gigantea","12","2","0","0","0","7","6","5","0"
"Agrostis stolonifera","38","2","0","0","0","43","43","10","0"
"Alliaria petiolata","0","2","0","0","0","22","16","13","0"
"Allium schoenoprasum","3","0","0","0","0","19","17","21","0"
"Alnus glutinosa","48","9","0","0","0","25","21","2","0"
"Alopecurus carolinianus","0","0","0","0","0","1","0","0","0"
"Alopecurus geniculatus","1","0","0","0","0","0","0","2","0"
"Alopecurus pratensis","1","0","0","0","0","2","1","5","0"
"Alternanthera philoxeroides","6","3","0","0","0","6","6","4","0"
"Amaranthus blitoides","3","0","0","0","0","8","5","2","0"
"Ambrosia psilostachya","0","0","0","0","0","3","0","3","0"
"Ammophila arenaria","9","0","0","0","0","6","6","6","0"
"Andropogon virginicus","0","1","0","0","0","2","0","0","0"
"Anthriscus caucalis","0","0","0","0","0","0","0","10","0"
"Arenaria serpyllifolia","2","0","0","0","0","7","4","4","0"
"Armoracia rusticana","0","0","0","0","0","4","1","3","0"
"Artemisia biennis","1","0","0","0","0","6","4","0","0"
"Arundo donax","1","4","0","0","0","12","6","104","0"
"Atriplex patula","1","0","0","0","0","6","3","4","0"
"Barbarea orthoceras","1","0","0","0","0","3","1","1","0"
"Barbarea vulgaris","1","0","0","0","0","8","6","5","0"
"Batis maritima","3","0","0","0","2","0","0","0","0"
"Betula pendula","5","5","0","0","0","21","21","6","0"
"Bidens tripartita","2","0","0","0","0","7","6","5","0"
"Boehmeria cylindrica","0","0","0","0","0","2","0","0","0"
"Brachiaria","5","4","0","0","0","11","11","14","0"
"Butomus umbellatus","5","4","0","0","3","2","2","3","0"
"Cabomba caroliniana","5","5","0","0","0","6","2","20","0"
"Callitriche stagnalis","2","0","0","0","0","3","2","43","0"
"Campsis radicans","1","0","0","0","0","13","1","3","0"
"Cannabis sativa","41","16","0","0","7","24","7","95","0"
"Capsella bursa-pastoris","8","3","0","0","1","40","29","27","0"
"Carex acutiformis","2","1","0","0","0","5","5","5","0"
"Carex bushii","0","0","0","0","0","1","1","0","0"
"Carex crawei","0","0","0","0","0","1","1","0","0"
"Carex disticha","0","0","0","0","0","1","1","1","0"
"Carex flacca","1","1","0","0","0","4","2","4","0"
"Carex ovalis","1","0","0","0","0","5","4","2","0"
"Carpobrotus chilensis","0","0","0","0","0","0","0","0","0"
"Chelidonium majus","3","3","0","0","0","14","6","9","0"
"Chenopodium album","30","3","0","0","0","87","72","100","0"
"Chenopodium","50","17","0","0","2","289","244","371","4"
"Cirsium palustre","18","0","0","0","0","22","21","14","0"
"Clintonia borealis","1","0","0","0","1","0","0","0","0"
"Commelina communis","1","1","0","0","0","5","1","3","0"
"Conium maculatum","3","0","0","0","0","94","91","0","0"
"Crataegus douglasii","0","0","0","0","0","149","1","9","0"
"Cynosurus cristatus","2","2","0","0","0","5","5","7","0"
"Delairea odorata","2","0","0","0","0","2","1","1","0"
"Dioscorea oppositifolia","3","1","0","0","0","4","1","2","0"
"Dryopteris","3","9","0","0","1","4","3","594","0"
"Echinochloa crus-galli","9","8","0","0","0","83","91","115","0"
"Echinochloa muricata","0","0","0","0","0","1","0","1","0"
"Ellisia nyctelea","1","0","0","0","0","1","0","0","0"
"Epilobium hirsutum","0","0","0","0","0","1","0","1","0"
"Epilobium parviflorum","0","0","0","0","0","3","0","0","0"
"Festuca rubra","10","3","0","0","0","10","4","24","0"
"Frangula alnus","3","0","0","2","1","2","0","8","0"
"Gleditsia triacanthos","13","0","0","0","1","1","0","3","0"
"Glyceria maxima","2","0","0","0","0","3","3","2","0"
"Gnaphalium uliginosum","0","0","0","0","0","6","4","3","0"
"Gypsophila paniculata","1","2","0","0","0","2","1","3","0"
"Halymenia durvillei","0","0","0","1","0","0","0","0","0"
"Hedera helix","6","1","0","0","0","14","13","74","0"
"Helenium flexuosum","0","0","0","0","0","16","13","0","0"
"Helianthus annuus","76","34","9","0","2","15","11","11","2"
"Hordeum jubatum","1","2","0","0","0","20","18","6","0"
"Hydrocharis morsus-ranae","0","0","0","0","1","2","1","1","0"
"Hydrocotyle umbellata","0","0","0","0","0","1","0","0","0"
"Hygrophila polysperma","0","0","0","0","0","0","0","0","0"
"Impatiens capensis","4","0","0","0","0","6","2","2","0"
"Impatiens glandulifera","18","3","0","0","0","20","19","46","0"
"Imperata cylindrica","11","3","0","0","0","33","18","254","0"
"Ipomoea hederacea","3","3","0","0","0","16","16","4","0"
"Iris pseudacorus","2","0","0","0","0","11","3","15","0"
"Juncus articulatus","0","0","0","0","0","1","1","2","0"
"Juncus compressus","0","0","0","0","0","1","0","2","0"
"Juncus gerardii","0","0","0","0","0","1","0","3","0"
"Juncus inflexus","0","0","0","0","0","1","0","1","0"
"Lactuca serriola","6","0","0","1","2","34","29","15","0"
"Lepidium densiflorum","1","0","0","0","0","2","0","1","0"
"Leucojum aestivum","0","1","0","0","0","4","2","2","0"
"Liatris pycnostachya","0","0","0","0","0","1","1","0","0"
"Ligustrum vulgare","2","2","0","0","0","5","4","8","0"
"Lomentaria hakodatensis","0","0","0","12","0","0","0","0","0"
"Lotus corniculatus","6","3","0","0","0","21","10","25","0"
"Lupinus polyphyllus","2","0","0","0","0","42","30","10","0"
"Lycopus asper","0","0","0","0","0","2","0","2","0"
"Lycopus europaeus","0","0","0","0","0","7","0","2","0"
"Lysimachia nummularia","0","0","0","0","0","4","3","6","0"
"Lysimachia vulgaris","0","0","0","0","0","7","2","6","0"
"Lythrum salicaria","3","2","0","0","0","10","10","3","0"
"Macfadyena","0","0","0","0","0","0","0","0","0"
"Marrubium vulgare","0","0","0","0","0","0","0","8","0"
"Marsilea quadrifolia","1","0","0","0","0","1","1","4","0"
"Medicago lupulina","5","3","0","0","0","29","19","11","0"
"Mentha aquatica","6","0","0","0","0","17","16","19","0"
"Mentha spicata","3","2","0","0","0","26","19","39","0"
"Mentha x gracilis","0","0","0","0","0","1","1","1","0"
"Mentha x piperita","1","3","0","0","0","44","39","25","0"
"Microstegium vimineum","3","0","0","0","0","3","3","148","0"
"Mollugo verticillata","12","4","0","0","0","13","11","2","0"
"Morus alba","30","4","0","0","0","100","52","137","0"
"Muhlenbergia racemosa","0","0","0","0","0","4","1","1","0"
"Myosotis arvensis","1","0","0","0","0","1","1","3","0"
"Myosotis scorpioides","0","0","0","0","0","1","0","2","0"
"Myosoton aquaticum","3","0","0","0","0","3","1","3","0"
"Najas marina","293","0","0","0","0","27","26","102","0"
"Najas minor","125","0","0","0","0","124","125","2","0"
"Nasturtium officinale","2","3","0","0","0","14","10","10","0"
"Nepeta cataria","3","2","0","0","0","5","1","5","0"
"Oenothera pilosella","0","0","0","0","0","2","1","1","0"
"Ornithogalum umbellatum","0","0","0","0","0","1","1","2","0"
"Panicum repens","2","0","0","0","0","12","11","4","0"
"Parthenocissus quinquefolia","0","0","0","0","0","0","0","26","0"
"Phalaris arundinacea","2","2","0","0","0","21","20","18","0"
"Phragmites australis","2","6","0","0","0","11","7","227","0"
"Picea pungens","0","0","0","0","0","1","0","7","0"
"Plantago lanceolata","11","0","0","3","2","40","6","18","0"
"Plantago major","10","0","0","2","1","49","4","8","0"
"Plantago rugelii","10","1","0","2","1","2","1","3","0"
"Pluchea odorata","1","0","0","0","0","2","2","0","0"
"Poa annua","11","2","0","2","0","31","29","42","0"
"Poa bulbosa","5","0","0","0","0","8","7","13","0"
"Poa pratensis","7","1","0","0","0","37","26","50","0"
"Poa trivialis","2","2","0","0","0","10","8","12","0"
"Polygonum","39","0","0","4","0","219","190","82","0"
"Polygonum aviculare","6","0","0","4","0","32","20","9","0"
"Polygonum cuspidatum","1","0","0","0","0","1","1","7","0"
"Polygonum ramosissimum","0","0","0","0","0","3","3","1","0"
"Populus deltoides","9","7","1","3","0","2","5","9","0"
"Portulaca oleracea","23","5","0","0","0","38","20","14","0"
"Potamogeton crispus","28","0","0","0","1","14","9","9","0"
"Potentilla norvegica","1","0","0","0","0","10","2","5","0"
"Prosopis pallida","1","0","0","0","0","1","1","0","0"
"Prunella vulgaris","1","2","0","0","0","48","20","11","0"
"Puccinellia distans","1","2","0","0","0","5","3","8","0"
"Ranunculus acris","2","0","0","0","0","7","2","41","0"
"Ranunculus bulbosus","0","0","0","0","0","5","1","2","0"
"Ranunculus flammula","0","1","0","0","0","3","0","1","0"
"Ranunculus repens","0","2","0","0","0","2","1","5","0"
"Rhamnus cathartica","4","0","0","3","0","4","2","4","0"
"Rhizophora mangle","0","1","0","0","0","6","6","3","0"
"Rhynchospora nitens","0","0","0","0","0","0","0","0","0"
"Rorippa sylvestris","0","0","0","0","0","5","1","35","0"
"Rumex acetosella","1","0","0","0","0","6","2","4","0"
"Rumex crispus","4","2","0","0","0","10","4","7","0"
"Rumex longifolius","1","0","0","0","0","1","0","0","0"
"Rumex obtusifolius","0","0","0","0","0","2","2","2","0"
"Sagina procumbens","3","0","0","0","0","8","4","1","0"
"Salix alba","3","1","0","0","0","6","9","0","0"
"Salix exigua","4","0","0","2","0","3","1","0","0"
"Salix fragilis","1","0","0","0","0","3","13","3","0"
"Salix purpurea","2","2","0","0","2","4","3","1","0"
"Salix x pendulina","0","0","0","2","0","0","0","0","0"
"Salix","121","40","0","38","8","405","175","105","0"
"Salsola","25","1","0","1","0","99","83","10","0"
"Salvinia minima","1","0","0","0","0","1","1","2","0"
"Sapium","0","0","0","0","0","0","0","7","0"
"Solanum dulcamara","4","2","0","3","0","1","1","4","0"
"Solidago sempervirens","2","0","0","0","0","5","4","1","0"
"Sonchus arvensis","0","1","0","0","0","17","8","2","0"
"Sonchus arvensis subsp. uliginosus","0","0","0","0","0","0","0","1","0"
"Sonchus asper","1","3","0","3","0","19","20","4","0"
"Sorghum halepense","5","1","0","0","0","10","9","17","0"
"Sparganium androcladum","1","0","0","0","0","1","0","1","0"
"Sparganium emersum","4","0","0","0","0","1","0","5","0"
"Sparganium glomeratum","6","0","0","0","0","0","0","5","0"
"Spirodela polyrhiza","3","3","0","0","2","2","1","13","0"
"Stachys palustris","0","0","0","0","0","2","0","5","0"
"Tamarix","55","5","0","1","0","214","180","175","0"
"Tradescantia pallida","0","1","0","0","0","0","0","3","0"
"Trapa natans","0","2","0","0","0","15","14","22","0"
"Trifolium hybridum","2","1","0","0","0","9","3","1","0"
"Trillium erectum","2","0","0","0","0","3","2","4","0"
"Typha angustifolia","5","2","0","2","0","11","0","44","0"
"Typha latifolia","2","2","0","2","0","0","0","47","0"
"Ulmus americana","5","3","0","0","0","5","5","15","0"
"Veronica beccabunga","7","0","0","0","0","3","3","2","0"
"Veronica serpyllifolia","2","0","0","0","0","3","2","1","0"
"Viburnum opulus var. americanum","0","0","0","0","0","4","4","2","0"
"Viola blanda","0","0","0","0","0","6","1","3","0"
"Viola blanda var. palustriformis","0","0","0","0","0","1","1","0","0"
"Wisteria frutescens","3","0","0","0","0","6","5","1","0"
"Xanthium strumarium","11","0","0","0","0","26","13","4","0"
"Bothriocephalus","39","10","0","1","52","10","29","0","0"
"Dactylogyrus amphibothrium","1","0","0","0","0","0","1","0","0"
"Dactylogyrus hemiamphibothrium","1","0","0","0","0","0","1","0","0"
"Dugesia","38","3","0","451","323","1","147","5","3"
"Ichthyocotylurus pileatus","5","0","1","10","0","2","1","0","0"
"Neascus","3","0","0","3","0","0","0","0","0"
"Scolex pleuronectis","0","0","0","0","0","0","0","0","0"
"Timoniella","0","0","0","0","0","0","0","0","0"
"Trochammina hadai","7","0","0","0","0","0","0","0","0"
"Acineta","2","0","0","0","0","1","1","2","0"
"Corythionella","0","0","0","0","0","0","0","0","0"
"Psammonobiotus communis","0","0","0","0","0","0","0","0","0"
"Psammonobiotus dziwnowi","0","0","0","0","0","0","0","0","0"
"Psammonobiotus linearis","0","0","0","0","0","0","0","0","0"
"Trypanosoma","2485","25","4","98","8","250","1136","0","326"
"Varanus indicus","0","24","0","7","0","0","0","0","1"
"Caiman crocodilus","0","6","0","65","13","1","1","0","5"
"Cliona","46","0","6","20","91","79","123","0","0"
"Gelliodes","1","0","0","5","2","0","0","0","0"
"Mycale","70","46","3","14","38","4","1","0","0"
"Mycale parishii","1","1","0","1","0","0","0","0","0"
"Sigmadocia caerulea","0","0","1","3","2","0","0","0","0"
"Suberites","20","1","7","17","37","2","1","0","1"
"Cliona celata","29","0","1","10","17","5","5","0","0"
"Haliclona","125","58","8","57","209","7","2","0","0"
"Prosuberites","32","0","0","1","0","31","31","0","0"
"Macrobiotus hufelandi","6","0","4","5","0","0","0","0","0"
"Milnesium tardigradum","28","0","0","14","0","6","0","0","0"
"Didemnum","25","1","14","224","82","0","0","0","0"
"Polyandrocarpa zorritensis","2","0","1","6","1","0","0","0","0"
"Ascidia sydneiensis","1","0","1","4","0","0","0","0","0"
"Didemnum candidum","0","0","0","4","0","0","0","0","0"
"Phallusia nigra","10","0","1","1","0","0","0","0","0"
"Botrylloides diegensis","2","0","0","32","1","0","0","0","0"
"Botrylloides","18","0","3","138","37","0","0","0","1"
"Botryllus","18","1","7","555","15","0","0","0","0"
"Corella inflata","1","0","0","0","0","0","0","0","0"
"Corella willmeriana","0","0","0","0","0","0","0","0","0"
"Microcosmus squamiger","3","0","4","292","1","0","0","0","0"
"Styela canopus","1","0","1","9","142","0","0","0","0"
"Symplegma brakenhielmi","0","0","0","13","1","0","0","0","0"
"Sarotherodon melanotheron","0","5","0","34","13","0","0","0","3"
"Tilapia","0","20","20","42","1","0","0","0","18"
"Acanthogobius flavimanus","1","2","0","5","0","0","0","0","14"
"Cephalopholis argus","0","6","1","99","3","0","0","0","6"
"Lutjanus kasmira","0","3","0","199","4","0","0","0","3"
"Oreochromis aureus","4","4","0","76","23","1","2","0","6"
"Tridentiger trigonocephalus","0","3","0","22","1","0","0","0","17"
"Gonodactylaceus falcatus","1","1","2","4","71","0","0","0","0"
"Lutjanus fulvus","2","3","0","38","1","0","0","0","8"
"Zebrasoma velifer","0","3","0","22","4","0","0","0","3"
"Acanthurus maculiceps","0","0","0","1","0","0","0","0","3"
"Alosa aestivalis","0","6","0","25","2","0","0","0","5"
"Alosa pseudoharengus","0","11","0","35","4","0","0","0","10"
"Ameiurus catus","0","10","0","9","8","0","0","0","10"
"Anchoa lyolepis","0","3","0","1","1","0","0","0","1"
"Apeltes quadracus","0","5","1","16","1","0","0","0","3"
"Archoplites interruptus","0","1","0","3","0","0","0","0","0"
"Astronotus ocellatus","0","6","1","13","1","0","0","0","8"
"Balistes polylepis","0","4","0","4","21","0","0","0","3"
"Cichla ocellaris","0","4","0","0","3","0","0","0","5"
"Cichlasoma bimaculatum","0","3","0","2","0","0","0","0","0"
"Cittarium pica","4","129","0","108","1","0","0","0","2"
"Clarias batrachus","4","43","14","112","6","4","0","0","9"
"Enneacanthus gloriosus","0","1","0","25","0","0","0","0","0"
"Esox lucius","5","27","0","354","8","0","0","0","15"
"Esox niger","0","3","0","34","0","0","0","0","3"
"Fundulus diaphanus","0","4","0","36","1","0","0","0","3"
"Hemichromis letourneuxi","0","2","0","12","1","0","0","0","0"
"Heros severus","0","4","0","6","1","0","0","0","3"
"Hoplosternum littorale","0","10","0","17","4","0","0","0","12"
"Hypomesus nipponensis","0","20","0","19","6","12","0","0","11"
"Ictalurus punctatus","20","44","8","79","11","3","3","0","25"
"Lepomis humilis","0","3","0","16","0","0","0","0","1"
"Lepomis microlophus","0","2","0","15","0","0","0","0","0"
"Leuciscus idus","0","7","0","45","0","0","1","0","2"
"Limia vittata","0","1","0","39","0","0","0","0","1"
"Limnophila","0","0","0","367","0","1","1","4","0"
"Lucania parva","0","0","0","8","1","0","0","0","0"
"Misgurnus anguillicaudatus","3","23","0","62","51","0","0","0","65"
"Morone americana","1","11","0","32","1","0","0","0","10"
"Mylocheilus caurinus","0","10","1","15","1","0","0","0","3"
"Notropis buchanani","0","0","0","24","0","0","0","0","0"
"Noturus insignis","0","2","0","15","0","0","0","0","2"
"Oncorhynchus kisutch","122","72","3","173","4","1","3","0","12"
"Oncorhynchus mykiss irideus","0","0","0","0","0","0","0","0","0"
"Oncorhynchus nerka","14","36","2","97","3","1","5","0","32"
"Oncorhynchus tshawytscha","5","18","2","258","7","1","13","0","33"
"Oreochromis macrochir","0","6","0","2","1","0","0","0","2"
"Oreochromis niloticus","196","51","55","337","85","0","90","0","48"
"Orthodon microlepidotus","0","2","0","1","0","0","0","0","2"
"Osteoglossum bicirrhosum","3","5","0","4","10","0","0","0","8"
"Oxydoras niger","0","4","0","4","0","0","0","0","4"
"Parachromis managuensis","0","6","0","12","1","0","0","0","3"
"Petromyzon marinus","8","7","0","53","1","1","1","0","6"
"Phenacobius mirabilis","0","8","0","8","2","0","0","0","5"
"Piaractus brachypomus","0","6","1","52","3","0","0","0","5"
"Plecoglossus altivelis","1","11","1","2","6","1","0","0","19"
"Poecilia latipinna","2","2","0","20","2","0","0","0","4"
"Poecilia vivipara","0","0","0","38","0","0","0","0","0"
"Proterorhinus semilunaris","0","5","1","14","0","0","0","0","0"
"Pygocentrus nattereri","5","10","1","66","1","0","0","0","5"
"Salmo trutta x Salvelinus fontinalis","0","0","0","0","0","0","0","0","0"
"Sander lucioperca","6","9","0","66","4","0","0","0","10"
"Penaeus monodon-type Baculovirus","0","0","0","0","0","0","0","0","0"
"WSBV","0","0","0","0","0","0","0","0","0"
"Aeromonas salmonicida","0","16708","0","0","0","0","1","1","0"
"Novirhabdovirus sp.","0","0","0","0","0","0","0","0","0"
"Piscirickettsia salmonis","0","3924","0","0","0","0","0","0","0"
"Ranavirus sp.","0","0","0","0","0","0","0","0","0"
"Renibacterium salmoninarum","0","68","0","0","0","0","0","0","0"
"Rhabdovirus carpio","0","0","0","0","0","0","0","0","0"
