"","18S"," 16S"," PITS"," CO1"," COI"," COX1"," FITS"," ITS2"," ITS1"," trnl"," 12S"
"Codium fragile subsp. tomentosoides","0","0","0","0","0","0","0","0","0","0","0"
"Heterosiphonia","0","0","0","0","32","0","0","0","0","0","0"
"Prorocentrum minimum","13","0","0","27","3","17","0","19","19","0","0"
"Sargassum muticum","3","2","0","0","10","20","0","13","5","0","0"
"Bonnemaisonia hamifera","1","0","0","0","10","0","0","0","0","0","0"
"Ficopomatus enigmaticus","8","1","0","0","11","0","0","0","0","0","0"
"Teredo navalis","4","0","0","0","156","0","0","0","0","0","0"
"Marenzelleria viridis","7","13","0","0","16","0","0","0","0","0","0"
"Membranipora membranacea","3","2","0","49","27","1","0","0","0","0","1"
"Bugula neritina","1","123","0","3","371","3","0","0","0","0","4"
"Cordylophora caspia","1","2","0","0","10","0","0","0","2","0","0"
"Ectopleura crocea","9","4","0","0","16","1","0","0","6","0","0"
"Mysis diluviana","1","1","0","0","29","0","0","0","0","0","0"
"Caprella mutica","5","3","0","1","317","2","0","0","0","0","1"
"Amphibalanus improvisus","0","8","0","1","57","0","0","0","0","0","11"
"Bythotrephes longimanus","2","2","0","0","27","0","0","0","0","0","1"
"Cercopagis pengoi","11","6","0","0","6","1","0","0","0","0","1"
"Rhithropanopeus harrisii","1","7","0","0","274","16","0","0","0","0","1"
"Orconectes","7","263","0","0","519","12","0","65","65","0","24"
"Procambarus clarkii","9","38","0","0","392","14","0","16","48","0","7"
"Homarus americanus","22","17","0","0","14","3","0","1","0","0","4"
"Crepidula fornicata","1","6","0","0","34","31","0","0","0","0","1"
"Mytilopsis leucophaeata","2","6","0","0","57","7","0","0","0","0","0"
"Dreissena polymorpha","6","18","0","0","93","5","0","0","0","0","2"
"Crassostrea gigas","29","71","0","1","335","17","0","19","41","0","11"
"Petricolaria pholadiformis","7","0","0","0","1","1","0","0","0","0","0"
"Corbicula fluminea","9","21","0","35","104","29","0","0","0","0","4"
"Dreissena rostriformis bugensis","2","20","0","0","29","0","0","0","0","0","0"
"Melanoides tuberculata","0","81","0","9","25","41","0","2","0","0","17"
"Potamopyrgus antipodarum","94","77","0","0","353","33","0","97","93","0","35"
"Caulerpa taxifolia","164","22","0","0","0","0","0","157","154","0","0"
"Myriophyllum aquaticum","4","2","0","0","0","0","0","5","5","2","0"
"Egeria densa","2","0","0","0","0","0","0","5","13","1","0"
"Eichhornia crassipes","1","2","0","0","0","0","0","1","0","0","0"
"Hydrilla verticillata","7","0","0","0","0","1","0","11","11","116","0"
"Nymphoides peltata","7","0","0","0","0","1","0","10","7","3","0"
"Pistia stratiotes","2","2","0","0","0","2","0","1","0","59","0"
"Salvinia molesta","0","0","0","0","0","0","0","0","0","2","0"
"Ciona intestinalis","24","0","0","6","333","6","0","6","16","0","1"
"Ciona intestinalis B CG-2006","0","0","0","0","0","1","0","0","0","0","1"
"Didemnum vexillum","3","1","0","10","109","75","0","0","0","0","0"
"Styela clava","9","1","0","1","63","16","0","0","1","0","1"
"Molgula manhattensis","32","0","0","5","42","1","0","0","0","0","0"
"Ascidiella aspersa","52","0","0","45","21","4","0","0","0","0","0"
"Styela plicata","12","1","0","0","67","31","0","1","1","0","1"
"Ciona savignyi","6","0","0","7","100","21","0","0","1","0","0"
"Diplosoma listerianum","2","0","0","3","124","2","0","0","0","0","0"
"Alosa sapidissima","0","17","0","0","37","3","0","0","0","0","11"
"Cichlasoma","0","18","0","61","48","6","0","0","0","0","2"
"Morone saxatilis","5","9","0","0","25","2","0","0","0","0","8"
"Osmerus mordax","1","21","0","0","119","10","0","10","4","2","11"
"Salmo salar","12","48","0","3","255","87","0","1","4","0","45"
"Pterois volitans","0","11","0","14","198","3","0","0","0","0","6"
"Ameiurus melas","0","7","0","0","168","0","0","0","0","0","5"
"Ameiurus nebulosus","0","10","0","0","69","6","0","0","0","0","8"
"Anguilla rostrata","25","59","0","0","34","51","0","0","0","0","57"
"Carassius auratus","28","74","0","24","197","9","0","2","17","0","110"
"Carassius auratus x 2 Megalobrama amblycephala","0","0","0","0","0","0","0","0","0","0","0"
"Carassius auratus ssp. Pengze","0","0","0","0","0","0","0","0","0","0","0"
"Carassius auratus ssp. 2 kinbuna","0","0","0","0","0","0","0","0","0","0","0"
"Carassius auratus ssp. Pingxiang","0","0","0","0","0","0","0","0","0","0","0"
"Carassius auratus ssp. 1 MT-2012","0","1","0","0","0","0","0","0","0","0","0"
"Carassius auratus x (Carassius carassius x Carassius auratus gibelio)","0","0","0","0","0","0","0","0","0","0","0"
"Carassius auratus ssp. Kinbuna","0","0","0","0","0","0","0","0","0","0","3"
"Ctenopharyngodon idella","2","45","0","11","71","10","0","0","0","0","12"
"Cyprinus carpio","18","124","0","10","262","55","0","4","11","42","71"
"Cyprinus carpio Ying hybrid","0","0","0","0","0","0","0","0","0","0","0"
"Cyprinus carpio (triploid)","0","0","0","0","0","0","0","0","0","0","0"
"Cyprinus carpio Guilin","0","0","0","0","0","0","0","0","0","0","0"
"Gambusia affinis","1","5","0","0","37","2","0","0","0","0","7"
"Gambusia holbrooki","2","19","0","4","32","3","0","0","0","0","11"
"Gasterosteus aculeatus","4","63","0","19","153","3","0","0","0","0","20"
"Gymnocephalus cernua","0","12","0","0","62","4","0","0","0","0","7"
"Hypophthalmichthys nobilis","1","43","0","8","49","36","0","0","0","0","49"
"Lepisosteus platostomus","0","3","0","0","8","0","0","0","0","0","3"
"Neogobius melanostomus","1","5","0","2","75","17","0","0","0","0","8"
"Oncorhynchus gorbuscha","2","21","0","3","104","28","0","2","13","0","6"
"Oncorhynchus mykiss","371","47","0","4","346","27","0","1","3","0","95"
"Platichthys flesus","25","38","0","0","102","0","0","1","1","0","8"
"Salmo trutta","38","102","0","4","216","18","0","2","110","0","38"
"Salvelinus alpinus","4","83","0","3","32","10","0","1","57","0","28"
"Salvelinus fontinalis","1","17","0","2","50","8","0","1","17","0","11"
"Scardinius erythrophthalmus","1","11","0","0","89","2","0","0","2","0","4"
"Tinca tinca","18","13","0","1","134","26","0","1","17","0","6"
"Danio rerio","12","38","0","1","51","23","0","1","1","0","15"
"Mylopharyngodon piceus","0","38","0","3","16","37","0","0","0","0","37"
"Alexandrium ostenfeldii","78","0","0","0","1","0","0","38","37","0","0"
"Alexandrium tamarense","113","0","0","2","10","4","0","138","138","0","0"
"Alexandrium tamarense SPE10-03","0","0","0","0","0","0","0","0","0","0","0"
"Alexandrium tamarense ATSP1-B","0","0","0","0","0","0","0","0","0","0","0"
"Alexandrium tamarense species complex group I","15","0","0","0","0","0","0","0","0","0","0"
"Alexandrium tamarense species complex group II","0","0","0","0","0","0","0","0","0","0","0"
"Alexandrium tamarense species complex group III","2","0","0","0","0","0","0","0","0","0","0"
"Alexandrium tamarense species complex group IV","0","0","0","0","0","0","0","0","0","0","0"
"Corbula","7","2","0","1","3","0","0","0","0","0","0"
"Myriophyllum spicatum","96","4","0","0","0","0","0","103","96","41","0"
"Botryllus schlosseri","11","0","0","7","536","5","0","0","0","0","0"
"Botrylloides violaceus","3","0","0","0","35","13","0","0","0","0","1"
"Mya arenaria","11","24","0","0","90","15","0","1","5","0","2"
"Asparagopsis armata","0","0","0","0","3","1","0","0","0","0","0"
"Oreochromis mossambicus","4","12","0","8","123","15","0","0","1","0","4"
"Charybdis hellerii","0","138","0","0","160","5","0","0","1","0","6"
"Rangia cuneata","1","5","0","0","18","3","0","0","0","0","0"
"Belonesox belizanus","0","2","0","0","9","0","0","0","0","0","1"
"Dorosoma petenense","0","8","0","0","30","1","0","0","0","0","5"
"Eriocheir sinensis","27","27","0","2","53","6","0","44","49","0","10"
"Monopterus albus","9","104","0","0","297","1","0","0","0","0","13"
"Lepomis macrochirus","1","49","0","0","55","6","0","0","0","0","20"
"Acanthophora spicifera","1","0","0","0","6","1","0","0","0","0","0"
"Microspongium globosum","0","0","0","0","0","0","0","0","0","0","0"
"Alepes djedaba","0","3","0","0","74","4","0","99","42","0","3"
"Avrainvillea","0","2","0","0","0","0","0","0","0","2","0"
"Cladophora sericea","3","0","0","0","0","0","0","0","0","0","0"
"Dictyosphaeria cavernosa","2","0","0","0","0","0","0","0","0","0","0"
"Fucus cottoni","0","0","0","0","0","0","0","0","0","0","0"
"Gracilaria salicornia","37","0","0","0","114","43","0","34","34","4","0"
"Grateloupia filicina","1","4","0","0","3","2","0","1","1","2","0"
"Hypnea musciformis","1","0","0","0","60","13","0","0","0","0","0"
"Kappaphycus alvarezii","16","2","0","0","13","60","0","21","21","0","0"
"Neosiphonia","39","0","0","0","155","6","0","0","0","0","0"
"Ulva fasciata","13","5","0","0","0","3","0","8","12","0","0"
"Antithamnion nipponicum","1","0","0","0","0","0","0","0","1","0","0"
"Asparagopsis taxiformis","0","2","0","0","40","19","0","0","0","2","0"
"Gymnodinium catenatum","14","0","0","0","13","1","0","10","10","0","0"
"Gymnodinium catenatum GC744","0","0","0","0","0","0","0","0","0","0","0"
"Antithamnionella spirographidis","1","1","0","0","0","0","0","0","0","0","0"
"Bryopsis pennata","0","0","0","0","0","0","0","0","0","0","0"
"Gracilaria tikvahiae","2","0","0","0","13","14","0","1","1","0","0"
"Grateloupia turuturu","1","1","0","0","7","0","0","1","3","1","0"
"Macrocystis integrifolia","1","2","0","0","0","2","0","9","6","2","0"
"Polysiphonia","102","0","0","0","386","165","0","0","0","15","0"
"Polysiphonia sertularioides-1","1","0","0","0","1","0","0","0","0","0","0"
"Polysiphonia sertularioides-2","1","0","0","0","1","0","0","0","0","0","0"
"Polysiphonia sertularioides-3","1","0","0","0","0","0","0","0","0","0","0"
"Actinocyclus","9","3","0","0","1","2","0","0","0","0","0"
"Aureococcus anophagefferens","45","4","0","0","0","1","0","5","4","1","0"
"Aureoumbra lagunensis","10","5","0","0","0","0","0","0","0","0","0"
"Bangia atropurpurea","14","0","0","14","1","3","0","2","3","0","0"
"Caulacanthus ustulatus","0","0","0","0","3","0","0","0","0","0","0"
"Caulerpa serrulata","10","1","0","0","0","0","0","8","7","0","0"
"Chaetoceros muellerii","15","4","0","0","0","0","0","2","1","0","0"
"Chroodactylon","3","1","0","0","0","0","0","0","0","0","0"
"Cyclotella atomus","1","0","0","0","0","0","0","2","2","0","0"
"Cyclotella cryptica","17","1","0","0","1","0","0","8","6","0","0"
"Cyclotella pseudostelligera","2","0","0","0","0","0","0","0","0","0","0"
"Cyclotella","183","3","0","0","6","0","0","90","87","0","0"
"Cylindrospermopsis raciborskii","0","15698","0","0","0","0","0","0","28","0","0"
"Cylindrospermopsis raciborskii CYP-030B","0","1","0","0","0","0","0","0","1","0","0"
"Cylindrospermopsis raciborskii CYP-026J","0","0","0","0","0","0","0","0","2","0","0"
"Cylindrospermopsis raciborskii PMC118.02","0","1","0","0","0","0","0","0","1","0","0"
"Cylindrospermopsis raciborskii PMC117.02","0","1","0","0","0","0","0","0","1","0","0"
"Cylindrospermopsis raciborskii PMC98.14","0","1","0","0","0","0","0","0","2","0","0"
"Cylindrospermopsis raciborskii PMC99.12","0","2","0","0","0","0","0","0","2","0","0"
"Cylindrospermopsis raciborskii PMC114.02","0","0","0","0","0","0","0","0","1","0","0"
"Cylindrospermopsis raciborskii PMC99.06","0","0","0","0","0","0","0","0","1","0","0"
"Cylindrospermopsis raciborskii PMC99.08","0","2","0","0","0","0","0","0","0","0","0"
"Cylindrospermopsis raciborskii ATC-9502","0","2","0","0","0","0","0","0","1","0","0"
"Cylindrospermopsis raciborskii PMC00.01","0","1","0","0","0","0","0","0","2","0","0"
"Cylindrospermopsis raciborskii ITEP-A3","0","1","0","0","0","0","0","0","1","0","0"
"Cylindrospermopsis raciborskii ITEP-018","0","1","0","0","0","0","0","0","1","0","0"
"Cylindrospermopsis raciborskii FLcultureE-3","0","0","0","0","0","0","0","0","0","0","0"
"Cylindrospermopsis raciborskii FLcultureL-5","0","0","0","0","0","0","0","0","0","0","0"
"Cylindrospermopsis raciborskii NJ3","0","0","0","0","0","0","0","0","0","0","0"
"Cylindrospermopsis raciborskii str. Goon","0","1","0","0","0","0","0","0","0","0","0"
"Cylindrospermopsis raciborskii T3","0","3","0","0","0","0","0","0","0","0","0"
"Cylindrospermopsis raciborskii LMECYA 134","0","4","0","0","0","0","0","0","0","0","0"
"Cylindrospermopsis raciborskii FAS-C1","0","1","0","0","0","0","0","0","0","0","0"
"Cylindrospermopsis raciborskii QHSS/NR/CYL/03","0","1","0","0","0","0","0","0","0","0","0"
"Cylindrospermopsis raciborskii LMECYA 132","0","3","0","0","0","0","0","0","0","0","0"
"Cylindrospermopsis raciborskii LMECYA 135","0","3","0","0","0","0","0","0","0","0","0"
"Cylindrospermopsis raciborskii 3-1","0","1","0","0","0","0","0","0","0","0","0"
"Cylindrospermopsis raciborskii AWT205","0","2","0","0","0","0","0","0","0","0","0"
"Cylindrospermopsis raciborskii CYP-018A","0","0","0","0","0","0","0","0","0","0","0"
"Cylindrospermopsis raciborskii CYP032A","0","0","0","0","0","0","0","0","0","0","0"
"Cylindrospermopsis raciborskii LD-D","0","0","0","0","0","0","0","0","0","0","0"
"Cylindrospermopsis raciborskii LD-E","0","0","0","0","0","0","0","0","0","0","0"
"Cylindrospermopsis raciborskii LD-F","0","0","0","0","0","0","0","0","0","0","0"
"Cylindrospermopsis raciborskii LD-G","0","0","0","0","0","0","0","0","0","0","0"
"Cylindrospermopsis raciborskii LD-I","0","0","0","0","0","0","0","0","0","0","0"
"Cylindrospermopsis raciborskii LG-L","0","0","0","0","0","0","0","0","0","0","0"
"Cylindrospermopsis raciborskii CS-505","0","115","0","0","0","0","0","0","0","0","0"
"Cylindrospermopsis raciborskii CS-506","0","2","0","0","0","0","0","0","0","0","0"
"Cylindrospermopsis raciborskii CS-507","0","2","0","0","0","0","0","0","0","0","0"
"Cylindrospermopsis raciborskii CS-508","0","328","0","0","0","0","0","0","0","0","0"
"Cylindrospermopsis raciborskii CS-509","0","2","0","0","0","0","0","0","0","0","0"
"Cylindrospermopsis raciborskii CS-510","0","2","0","0","0","0","0","0","0","0","0"
"Cylindrospermopsis raciborskii CS-511","0","2","0","0","0","0","0","0","0","0","0"
"Cylindrospermopsis raciborskii 1LT32S01","0","1","0","0","0","0","0","0","0","0","0"
"Cylindrospermopsis raciborskii BM","0","1","0","0","0","0","0","0","0","0","0"
"Cylindrospermopsis raciborskii CHAB1336","0","3","0","0","0","0","0","0","0","0","0"
"Cylindrospermopsis raciborskii CHAB1351","0","3","0","0","0","0","0","0","0","0","0"
"Cylindrospermopsis raciborskii CHAB141","0","2","0","0","0","0","0","0","0","0","0"
"Cylindrospermopsis raciborskii CHAB151","0","2","0","0","0","0","0","0","0","0","0"
"Cylindrospermopsis raciborskii CHAB155","0","2","0","0","0","0","0","0","0","0","0"
"Cylindrospermopsis raciborskii CHAB2379","0","2","0","0","0","0","0","0","0","0","0"
"Cylindrospermopsis raciborskii CHAB2380","0","3","0","0","0","0","0","0","0","0","0"
"Cylindrospermopsis raciborskii CHAB353","0","2","0","0","0","0","0","0","0","0","0"
"Cylindrospermopsis raciborskii CHAB358","0","2","0","0","0","0","0","0","0","0","0"
"Cylindrospermopsis raciborskii CHAB359","0","2","0","0","0","0","0","0","0","0","0"
"Cylindrospermopsis raciborskii CHAB481","0","4","0","0","0","0","0","0","0","0","0"
"Cylindrospermopsis raciborskii CHAB482","0","2","0","0","0","0","0","0","0","0","0"
"Cylindrospermopsis raciborskii KLL07","0","1","0","0","0","0","0","0","0","0","0"
"Cylindrospermopsis raciborskii MG","0","3","0","0","0","0","0","0","0","0","0"
"Cylindrospermopsis raciborskii CP-1","0","1","0","0","0","0","0","0","0","0","0"
"Cylindrospermopsis raciborskii CP-2","0","1","0","0","0","0","0","0","0","0","0"
"Cylindrospermopsis raciborskii PMC145.02","0","1","0","0","0","0","0","0","0","0","0"
"Cylindrospermopsis raciborskii PMC286.06","0","1","0","0","0","0","0","0","0","0","0"
"Cylindrospermopsis raciborskii MVCC14","0","201","0","0","0","0","0","0","0","0","0"
"Cylindrospermopsis raciborskii MVCC19","0","158","0","0","0","0","0","0","0","0","0"
"Cylindrospermopsis raciborskii CYL BM-02","0","0","0","0","0","0","0","0","0","0","0"
"Cylindrospermopsis raciborskii CYL BM-07","0","0","0","0","0","0","0","0","0","0","0"
"Cylindrospermopsis raciborskii NB-05","0","0","0","0","0","0","0","0","0","0","0"
"Cylindrospermopsis raciborskii NB-07","0","0","0","0","0","0","0","0","0","0","0"
"Cylindrospermopsis raciborskii SS-01","0","0","0","0","0","0","0","0","0","0","0"
"Cylindrospermopsis raciborskii str. Sidi","0","3","0","0","0","0","0","0","0","0","0"
"Cylindrospermopsis raciborskii Cyl Vietnam","0","3","0","0","0","0","0","0","0","0","0"
"Cylindrospermopsis raciborskii LEGE 051","0","3","0","0","0","0","0","0","0","0","0"
"Cylindrospermopsis raciborskii LMECYA 130","0","3","0","0","0","0","0","0","0","0","0"
"Cylindrospermopsis raciborskii CCMP1973","0","2","0","0","0","0","0","0","0","0","0"
"Cylindrospermopsis raciborskii CYP011K","0","1","0","0","0","0","0","0","0","0","0"
"Cylindrospermopsis raciborskii NIES-992","0","2","0","0","0","0","0","0","0","0","0"
"Cylindrospermopsis raciborskii FAS-C12","0","1","0","0","0","0","0","0","0","0","0"
"Cylindrospermopsis raciborskii FAS-C13","0","1","0","0","0","0","0","0","0","0","0"
"Cylindrospermopsis raciborskii FAS-C14","0","1","0","0","0","0","0","0","0","0","0"
"Cylindrospermopsis raciborskii FAS-C15","0","1","0","0","0","0","0","0","0","0","0"
"Cylindrospermopsis raciborskii FAS-C16","0","1","0","0","0","0","0","0","0","0","0"
"Cylindrospermopsis raciborskii FAS-C17","0","1","0","0","0","0","0","0","0","0","0"
"Cylindrospermopsis raciborskii FAS-C18","0","1","0","0","0","0","0","0","0","0","0"
"Cylindrospermopsis raciborskii FAS-C2","0","1","0","0","0","0","0","0","0","0","0"
"Cylindrospermopsis raciborskii FAS-C3","0","1","0","0","0","0","0","0","0","0","0"
"Cylindrospermopsis raciborskii FAS-C5","0","1","0","0","0","0","0","0","0","0","0"
"Cylindrospermopsis raciborskii FAS-C7","0","1","0","0","0","0","0","0","0","0","0"
"Cylindrospermopsis raciborskii FAS-C8","0","1","0","0","0","0","0","0","0","0","0"
"Cylindrospermopsis raciborskii FAS-C9","0","1","0","0","0","0","0","0","0","0","0"
"Cylindrospermopsis raciborskii FL-D","0","1","0","0","0","0","0","0","0","0","0"
"Cylindrospermopsis raciborskii FL-E","0","1","0","0","0","0","0","0","0","0","0"
"Cylindrospermopsis raciborskii FL-F","0","1","0","0","0","0","0","0","0","0","0"
"Cylindrospermopsis raciborskii FL-I","0","1","0","0","0","0","0","0","0","0","0"
"Cylindrospermopsis raciborskii FL-L","0","1","0","0","0","0","0","0","0","0","0"
"Cylindrospermopsis raciborskii str. Tarpon","0","1","0","0","0","0","0","0","0","0","0"
"Cylindrospermopsis raciborskii UTEX LB 2897","0","1","0","0","0","0","0","0","0","0","0"
"Cylindrospermopsis raciborskii UAM VCC+","0","0","0","0","0","0","0","0","0","0","0"
"Cylindrospermopsis raciborskii str. Toro","0","0","0","0","0","0","0","0","0","0","0"
"Cylindrospermopsis raciborskii UAM520","0","1","0","0","0","0","0","0","0","0","0"
"Cylindrospermopsis raciborskii UAM544","0","2","0","0","0","0","0","0","0","0","0"
"Cylindrospermopsis raciborskii CENA302","0","119","0","0","0","0","0","0","0","0","0"
"Cylindrospermopsis raciborskii CENA303","0","157","0","0","0","0","0","0","0","0","0"
"Cylindrospermopsis raciborskii CENA305","0","1","0","0","0","0","0","0","0","0","0"
"Cylindrospermopsis raciborskii CENA306","0","1","0","0","0","0","0","0","0","0","0"
"Cylindrospermopsis raciborskii CYP24c","0","1","0","0","0","0","0","0","0","0","0"
"Cylindrospermopsis raciborskii GOU11","0","1","0","0","0","0","0","0","0","0","0"
"Cylindrospermopsis raciborskii ISG9","0","1","0","0","0","0","0","0","0","0","0"
"Cylindrospermopsis raciborskii KAS14","0","1","0","0","0","0","0","0","0","0","0"
"Cylindrospermopsis raciborskii KAS21","0","1","0","0","0","0","0","0","0","0","0"
"Cylindrospermopsis raciborskii KAS43","0","1","0","0","0","0","0","0","0","0","0"
"Cylindrospermopsis raciborskii NAR12","0","1","0","0","0","0","0","0","0","0","0"
"Cylindrospermopsis raciborskii NIES-1042","0","1","0","0","0","0","0","0","0","0","0"
"Cylindrospermopsis raciborskii NIES-994","0","1","0","0","0","0","0","0","0","0","0"
"Cylindrospermopsis raciborskii TH21","0","1","0","0","0","0","0","0","0","0","0"
"Cylindrospermopsis raciborskii TH35","0","1","0","0","0","0","0","0","0","0","0"
"Cylindrospermopsis raciborskii TH41","0","1","0","0","0","0","0","0","0","0","0"
"Cylindrospermopsis raciborskii TH95","0","1","0","0","0","0","0","0","0","0","0"
"Cylindrospermopsis raciborskii AQS","0","0","0","0","0","0","0","0","0","0","0"
"Cylindrospermopsis raciborskii FSS-127","0","0","0","0","0","0","0","0","0","0","0"
"Cylindrospermopsis raciborskii AK1","0","0","0","0","0","0","0","0","0","0","0"
"Cylindrospermopsis raciborskii AN1","0","0","0","0","0","0","0","0","0","0","0"
"Cylindrospermopsis raciborskii AT1","0","0","0","0","0","0","0","0","0","0","0"
"Cylindrospermopsis raciborskii AT2","0","0","0","0","0","0","0","0","0","0","0"
"Cylindrospermopsis raciborskii CBM","0","0","0","0","0","0","0","0","0","0","0"
"Cylindrospermopsis raciborskii NIVA-CYA 399","0","2","0","0","0","0","0","0","0","0","0"
"Cylindrospermopsis raciborskii NIVA-CYA 508","0","1","0","0","0","0","0","0","0","0","0"
"Cylindrospermopsis raciborskii NIVA-CYA 510","0","1","0","0","0","0","0","0","0","0","0"
"Cylindrospermopsis raciborskii PMC115.02","0","2","0","0","0","0","0","0","0","0","0"
"Cylindrospermopsis raciborskii PMC287.06","0","2","0","0","0","0","0","0","0","0","0"
"Cylindrospermopsis raciborskii PMC61.01","0","2","0","0","0","0","0","0","0","0","0"
"Cylindrospermopsis raciborskii str. Sidi 08","0","2","0","0","0","0","0","0","0","0","0"
"Cylindrospermopsis raciborskii CHAB3409","0","1","0","0","0","0","0","0","0","0","0"
"Cylindrospermopsis raciborskii CHAB3412","0","2","0","0","0","0","0","0","0","0","0"
"Cylindrospermopsis raciborskii CHAB3424","0","0","0","0","0","0","0","0","0","0","0"
"Cylindrospermopsis raciborskii CHAB3425","0","0","0","0","0","0","0","0","0","0","0"
"Cylindrospermopsis raciborskii CHAB3438","0","2","0","0","0","0","0","0","0","0","0"
"Cylindrospermopsis raciborskii CHAB3440","0","0","0","0","0","0","0","0","0","0","0"
"Cylindrospermopsis raciborskii CHAB357","0","0","0","0","0","0","0","0","0","0","0"
"Cylindrospermopsis raciborskii CHAB5182","0","0","0","0","0","0","0","0","0","0","0"
"Cylindrospermopsis raciborskii cyDB-1","0","1","0","0","0","0","0","0","0","0","0"
"Cylindrospermopsis raciborskii N3","0","1","0","0","0","0","0","0","0","0","0"
"Cylindrospermopsis raciborskii N2","0","1","0","0","0","0","0","0","0","0","0"
"Cylindrospermopsis raciborskii N1","0","1","0","0","0","0","0","0","0","0","0"
"Cylindrospermopsis raciborskii SAG 1.97","0","1","0","0","0","0","0","0","0","0","0"
"Cylindrospermopsis raciborskii N4","0","1","0","0","0","0","0","0","0","0","0"
"Cylindrospermopsis raciborskii N5","0","1","0","0","0","0","0","0","0","0","0"
"Cylindrospermopsis raciborskii N6","0","1","0","0","0","0","0","0","0","0","0"
"Cylindrospermopsis raciborskii N7","0","1","0","0","0","0","0","0","0","0","0"
"Cylindrospermopsis raciborskii N8","0","1","0","0","0","0","0","0","0","0","0"
"Cylindrospermopsis raciborskii HCy90","0","0","0","0","0","0","0","0","0","0","0"
"Cylindrospermopsis raciborskii CHAB2138","0","2","0","0","0","0","0","0","0","0","0"
"Cylindrospermopsis raciborskii CHAB3443","0","2","0","0","0","0","0","0","0","0","0"
"Cylindrospermopsis raciborskii CHAB3446","0","2","0","0","0","0","0","0","0","0","0"
"Cylindrospermopsis raciborskii CHAB3417","0","2","0","0","0","0","0","0","0","0","0"
"Cylindrospermopsis raciborskii CHAB2144","0","2","0","0","0","0","0","0","0","0","0"
"Cylindrospermopsis raciborskii CHAB362","0","2","0","0","0","0","0","0","0","0","0"
"Cylindrospermopsis raciborskii CHAB477","0","2","0","0","0","0","0","0","0","0","0"
"Cylindrospermopsis raciborskii CHAB3445","0","2","0","0","0","0","0","0","0","0","0"
"Cylindrospermopsis raciborskii CHAB3318","0","2","0","0","0","0","0","0","0","0","0"
"Cylindrospermopsis raciborskii MGL120","0","0","0","0","0","0","0","0","0","0","0"
"Cylindrospermopsis raciborskii CHAB3432","0","2","0","0","0","0","0","0","0","0","0"
"Cylindrospermopsis raciborskii CHAB487","0","2","0","0","0","0","0","0","0","0","0"
"Cylindrospermopsis raciborskii CHAB158","0","2","0","0","0","0","0","0","0","0","0"
"Cylindrospermopsis raciborskii ITEP-A1","0","178","0","0","0","0","0","0","0","0","0"
"Cylindrospermopsis raciborskii CHAB480","0","2","0","0","0","0","0","0","0","0","0"
"Cylindrospermopsis raciborskii TZ-1","0","1","0","0","0","0","0","0","0","0","0"
"Cylindrospermopsis raciborskii TZ-2","0","1","0","0","0","0","0","0","0","0","0"
"Cylindrospermopsis raciborskii UP","0","1","0","0","0","0","0","0","0","0","0"
"Cylindrospermopsis raciborskii IFCC-CR01","0","1","0","0","0","0","0","0","0","0","0"
"Cylindrospermopsis raciborskii LP1","0","1","0","0","0","0","0","0","0","0","0"
"Cylindrospermopsis raciborskii LP2","0","1","0","0","0","0","0","0","0","0","0"
"Cylindrospermopsis raciborskii AWQC-CYP011K","0","0","0","0","0","0","0","0","0","0","0"
"Cylindrospermopsis raciborskii PMC325.07","0","1","0","0","0","0","0","0","0","0","0"
"Cylindrospermopsis raciborskii PMC326.07","0","1","0","0","0","0","0","0","0","0","0"
"Cylindrospermopsis raciborskii PMC327.07","0","1","0","0","0","0","0","0","0","0","0"
"Cylindrospermopsis raciborskii PMC328.07","0","1","0","0","0","0","0","0","0","0","0"
"Cylindrospermopsis raciborskii S01","0","704","0","0","0","0","0","0","0","0","0"
"Cylindrospermopsis raciborskii S05","0","810","0","0","0","0","0","0","0","0","0"
"Cylindrospermopsis raciborskii S06","0","704","0","0","0","0","0","0","0","0","0"
"Cylindrospermopsis raciborskii S07","0","1004","0","0","0","0","0","0","0","0","0"
"Cylindrospermopsis raciborskii S10","0","1038","0","0","0","0","0","0","0","0","0"
"Cylindrospermopsis raciborskii S14","0","1338","0","0","0","0","0","0","0","0","0"
"Cylindrospermopsis raciborskii C03","0","866","0","0","0","0","0","0","0","0","0"
"Cylindrospermopsis raciborskii C04","0","830","0","0","0","0","0","0","0","0","0"
"Cylindrospermopsis raciborskii C07","0","932","0","0","0","0","0","0","0","0","0"
"Cylindrospermopsis raciborskii CYRF","0","167","0","0","0","0","0","0","0","0","0"
"Cylindrospermopsis raciborskii CYLP","0","0","0","0","0","0","0","0","0","0","0"
"Cylindrospermopsis raciborskii T2","0","1","0","0","0","0","0","0","0","0","0"
"Cylindrospermopsis raciborskii TAU-MAC 1414","0","2","0","0","0","0","0","0","0","0","0"
"Cylindrospermopsis raciborskii CHAB3426","0","2","0","0","0","0","0","0","0","0","0"
"Cylindrospermopsis raciborskii Cr2010","0","180","0","0","0","0","0","0","0","0","0"
"Cylindrospermopsis raciborskii FACHB-1503","0","3","0","0","0","0","0","0","0","0","0"
"Cylindrospermopsis raciborskii NIES-3583","0","2","0","0","0","0","0","0","0","0","0"
"Cylindrospermopsis raciborskii NIES-3584","0","2","0","0","0","0","0","0","0","0","0"
"Cylindrospermopsis raciborskii CYL1","0","0","0","0","0","0","0","0","0","0","0"
"Cylindrospermopsis raciborskii CYL2","0","0","0","0","0","0","0","0","0","0","0"
"Cylindrospermopsis raciborskii AZ60","0","1","0","0","0","0","0","0","0","0","0"
"Cylindrospermopsis raciborskii CHAB3422","0","1","0","0","0","0","0","0","0","0","0"
"Cylindrospermopsis raciborskii CHAB3426n","0","1","0","0","0","0","0","0","0","0","0"
"Cylindrospermopsis raciborskii CR1","0","1","0","0","0","0","0","0","0","0","0"
"Cylindrospermopsis raciborskii NIES-1041","0","1","0","0","0","0","0","0","0","0","0"
"Cylindrospermopsis raciborskii NIES-991","0","1","0","0","0","0","0","0","0","0","0"
"Cylindrospermopsis raciborskii cyAF-7","0","1","0","0","0","0","0","0","0","0","0"
"Cylindrospermopsis raciborskii cyAF-8","0","1","0","0","0","0","0","0","0","0","0"
"Cylindrospermopsis raciborskii cyDB-2","0","1","0","0","0","0","0","0","0","0","0"
"Cylindrospermopsis raciborskii GIHE 2018","0","9","0","0","0","0","0","0","0","0","0"
"Cylindrospermopsis raciborskii QDH1","0","1","0","0","0","0","0","0","0","0","0"
"Cylindrospermopsis raciborskii QDH10","0","1","0","0","0","0","0","0","0","0","0"
"Cylindrospermopsis raciborskii QDH2","0","1","0","0","0","0","0","0","0","0","0"
"Cylindrospermopsis raciborskii QDH3","0","1","0","0","0","0","0","0","0","0","0"
"Cylindrospermopsis raciborskii QDH4","0","1","0","0","0","0","0","0","0","0","0"
"Cylindrospermopsis raciborskii QDH5","0","1","0","0","0","0","0","0","0","0","0"
"Cylindrospermopsis raciborskii QDH6","0","1","0","0","0","0","0","0","0","0","0"
"Cylindrospermopsis raciborskii QDH7","0","1","0","0","0","0","0","0","0","0","0"
"Cylindrospermopsis raciborskii QDH8","0","1","0","0","0","0","0","0","0","0","0"
"Cylindrospermopsis raciborskii QDH9","0","1","0","0","0","0","0","0","0","0","0"
"Cylindrospermopsis raciborskii LB2897","0","224","0","0","0","0","0","0","0","0","0"
"Cylindrospermopsis raciborskii R104","0","1","0","0","0","0","0","0","0","0","0"
"Cylindrospermopsis raciborskii NRERC-502","0","1","0","0","0","0","0","0","0","0","0"
"Cylindrospermopsis raciborskii NRERC-503","0","1","0","0","0","0","0","0","0","0","0"
"Cylindrospermopsis raciborskii NRERC-501","0","1","0","0","0","0","0","0","0","0","0"
"Cylindrospermopsis raciborskii NRERC-504","0","1","0","0","0","0","0","0","0","0","0"
"Cylindrospermopsis raciborskii NPCS-1","0","0","0","0","0","0","0","0","0","0","0"
"Cylindrospermopsis raciborskii CS-506_D","0","1331","0","0","0","0","0","0","0","0","0"
"Cylindrospermopsis raciborskii CS-506_C","0","1251","0","0","0","0","0","0","0","0","0"
"Cylindrospermopsis raciborskii CS-506_B","0","1238","0","0","0","0","0","0","0","0","0"
"Cylindrospermopsis raciborskii CS-506_A","0","1376","0","0","0","0","0","0","0","0","0"
"Cylindrospermopsis raciborskii C-06","0","1","0","0","0","0","0","0","0","0","0"
"Cylindrospermopsis raciborskii CHAB 3409","0","5","0","0","0","0","0","0","0","0","0"
"Cylindrospermopsis raciborskii CHAB 6611","0","6","0","0","0","0","0","0","0","0","0"
"Cylindrospermopsis raciborskii CHAB 6612","0","6","0","0","0","0","0","0","0","0","0"
"Cylindrospermopsis raciborskii KL1","0","0","0","0","0","0","0","0","0","0","0"
"Diatoma","16","4","0","0","0","0","0","0","0","0","0"
"Didymosphenia geminata","60","2","0","0","10","2","0","0","0","0","0"
"Enteromorpha flexuosa","23","3","0","0","0","4","0","31","28","0","0"
"Enteromorpha intestinalis","21","0","0","0","0","0","0","49","40","0","0"
"Enteromorpha prolifera","131","5","0","0","0","3","0","101","97","0","0"
"Hymenomonas","2","0","0","0","0","0","0","0","0","0","0"
"Nitellopsis obtusa","5","1","0","0","0","0","0","1","1","0","0"
"Pleurosira laevis","2","0","0","0","0","0","0","0","0","0","0"
"Skeletonema potamos","4","0","0","0","0","5","0","1","0","0","0"
"Skeletonema subsalsum","13","1","0","0","0","0","0","0","0","0","0"
"Sphacelaria","7","0","0","0","7","0","0","3","3","0","0"
"Stephanodiscus binderanus","1","0","0","0","0","0","0","0","0","0","0"
"Stephanodiscus","24","2","0","0","0","0","0","12","9","0","0"
"Thalassiosira baltica","0","0","0","0","0","0","0","0","0","0","0"
"Thalassiosira","456","167","6","0","47","5","0","114","276","0","0"
"Thalassiosira aff. antarctica","1","2","0","0","0","0","0","0","0","0","0"
"Thalassiosira aff. guillardii IAL-2014","0","0","0","0","0","0","0","0","0","0","0"
"Thalassiosira aff. minima IAL-2014","1","0","0","0","0","0","0","0","0","0","0"
"Thalassiosira pseudonana","35","9","6","0","0","2","0","26","25","0","0"
"Thalassiosira pseudonana CCMP1335","0","0","6","0","0","0","0","3","3","0","0"
"Bufo","0","765","0","5","90","21","0","0","0","0","115"
"Paranais frici","3","4","0","0","6","0","0","2","2","0","4"
"Branchiura sowerbyi","2","3","0","0","17","1","0","1","0","0","3"
"Gianius aquaedulcis","1","1","0","0","1","0","0","0","0","0","0"
"Potamothrix bedoti","2","1","0","0","1","0","0","0","0","0","1"
"Potamothrix moldaviensis","2","1","0","0","6","0","0","1","1","0","1"
"Potamothrix vejdovskyi","1","0","0","0","2","0","0","0","0","0","0"
"Ripistes parasita","1","1","0","0","2","0","0","0","0","0","1"
"Heteromastus filiformis","5","0","0","0","9","0","0","0","0","0","0"
"Polydora cornuta","4","1","0","0","26","0","0","0","0","0","0"
"Boccardiella ligerica","1","0","0","0","0","0","0","0","0","0","0"
"Salmacina","6","0","0","0","0","0","0","0","0","0","0"
"Amphicteis","3","10","0","0","5","0","0","0","0","0","0"
"Capitella capitata","5","1","0","2","19","0","0","0","0","0","0"
"Dodecaceria concharum","4","2","0","0","1","0","0","0","0","0","0"
"Exogone","13","0","0","0","30","0","0","0","0","0","0"
"Harmothoe imbricata","150","1","0","0","105","28","0","60","208","0","0"
"Hydroides brachyacantha","15","0","0","0","2","0","0","2","0","0","0"
"Lumbrineris japonica","0","0","0","0","23","0","0","0","0","0","0"
"Marphysa sanguinea","9","5","0","1","29","2","0","0","0","0","1"
"Myxicola","2","1","0","0","16","0","0","0","0","0","0"
"Neanthes acuminata","74","35","0","0","71","0","0","0","0","0","0"
"Neanthes","75","40","0","0","89","137","0","0","0","0","2"
"Nephtys longosetosa","1","0","0","0","25","0","0","0","0","0","0"
"Polydora","133","47","0","0","155","8","0","3","3","1","6"
"Pomatoleios kraussii","1","0","0","0","0","0","0","0","0","0","0"
"Scolelepis squamata","1","0","0","0","8","0","0","0","0","0","0"
"Spiophanes","15","26","0","0","55","1","0","0","0","0","0"
"Streblospio benedicti","2","0","0","18","38","0","0","0","0","0","0"
"Acentropus niveus","0","0","0","0","0","0","0","0","0","0","0"
"Tanysphyrus lemnae","4","1","0","0","25","0","0","0","0","0","0"
"Ammothea hilgendorfi","4","1","0","1","1","1","0","0","0","0","1"
"Cygnus olor","0","3","0","1","9","2","0","0","0","0","4"
"Tricellaria inopinata","0","0","0","0","1","0","0","0","0","0","0"
"Victorella pavida","0","0","0","0","0","0","0","0","0","0","0"
"Cryptosula pallasiana","3","2","0","0","2","1","0","0","0","0","1"
"Schizoporella","2","2","0","0","18","4","0","0","0","0","1"
"Amathia distans","0","1","0","0","1","0","0","0","0","0","0"
"Schizoporella errata","0","0","0","0","10","0","0","0","0","0","0"
"Watersipora arcuata","1","1","0","0","26","0","0","0","0","0","0"
"Alcyonidium gelatinosum","1","0","0","0","0","0","0","0","0","0","0"
"Barentsia benedeni","1","0","0","0","0","0","0","0","0","0","0"
"Bowerbankia","0","0","0","0","0","0","0","0","0","0","0"
"Bugula","1","126","0","4","381","4","0","0","0","0","4"
"Bugula pacifica","0","0","0","0","1","0","0","0","0","0","0"
"Cribrilina","1","1","0","0","14","11","0","0","0","0","0"
"Lophopodella carteri","0","3","0","0","0","0","0","0","0","0","3"
"Membranipora","6","6","0","60","46","3","0","0","0","0","3"
"Poricella robusta","0","0","0","0","0","0","0","0","0","0","0"
"Savigyniella lafonti","0","1","0","0","0","0","0","0","0","0","0"
"Tubulipora","4","2","0","0","1","2","0","0","0","0","3"
"Watersipora subtorquata","4","4","0","0","114","2","0","0","0","0","1"
"Myxobolus cerebralis","30","0","0","0","0","0","0","3","30","0","0"
"Carijoa riisei","0","33","0","0","1","4","0","0","0","0","2"
"Diadumene lineata","6","3","0","0","8","2","0","0","0","0","4"
"Tubastraea coccinea","6","5","0","0","12","6","0","5","4","0","6"
"Bunodeopsis","1","2","0","0","0","0","0","0","1","0","1"
"Diadumene","16","7","0","0","19","2","0","0","0","0","9"
"Diadumene leucolena","2","1","0","0","11","0","0","0","0","0","2"
"Garveia","2","3","0","0","1","0","0","0","0","0","0"
"Maeotias marginata","0","1","0","0","3","0","0","0","1","0","0"
"Moerisia lyonsi","0","0","0","0","0","0","0","0","1","0","0"
"Gonionemus vertens","0","3","0","0","4","0","0","0","0","0","0"
"Pennaria disticha","4","84","0","0","0","2","0","0","0","0","0"
"Campanulariidae","148","148","0","0","116","2","0","65","65","0","0"
"Clytia hemisphaerica","13","17","0","0","19","5","0","0","0","0","0"
"Dynamena crisioides","1","1","0","0","0","0","0","0","0","0","0"
"Eudendrium","6","60","0","0","6","1","0","0","0","0","1"
"Gonothyraea","7","7","0","0","2","0","0","0","0","0","0"
"Laomedea","17","14","0","0","13","1","0","0","0","0","0"
"Obelia dichotoma","18","19","0","0","18","2","0","1","1","0","0"
"Obelia longissima","11","10","0","0","10","1","0","1","1","0","0"
"Obelia","47","106","0","0","129","8","0","2","2","0","0"
"Plumularia strictocarpa","8","6","0","0","6","0","0","0","0","0","0"
"Sarsia tubulosa","2","17","0","0","17","2","0","0","0","0","1"
"Sertularella diaphana","1","4","0","0","0","0","0","0","0","0","0"
"Thyroscyphus fruticosus","0","2","0","0","0","0","0","0","0","0","0"
"Tubularia","4","8","0","0","3","0","0","0","0","0","0"
"Turritopsis nutricula","1","6","0","0","4","1","0","0","0","0","0"
"Phyllorhiza punctata","7","11","0","0","21","0","0","0","0","0","0"
"Drymonema dalmatinum","9","6","0","0","5","0","0","0","5","0","0"
"Maeotias","0","1","0","0","3","0","0","0","1","0","0"
"Cassiopea andromeda","5","4","0","0","32","7","0","0","0","0","0"
"Aurelia aurita","19","13","0","0","223","7","0","2","29","0","1"
"Craspedacusta sowerbii","37","6","0","0","60","5","0","20","31","0","2"
"Jassa marmorata","1","0","0","0","405","0","0","0","0","0","0"
"Grandidierella japonica","5","2","0","0","287","1","0","0","0","1","0"
"Laticorophium baconi","0","0","0","0","0","0","0","0","0","0","0"
"Monocorophium acherusicum","1","0","0","0","27","0","0","0","0","0","0"
"Monocorophium insidiosum","1","0","0","0","36","0","0","0","0","0","0"
"Gammarus daiberi","0","0","0","0","6","0","0","0","0","0","0"
"Ampelisca abdita","0","0","0","0","0","0","0","0","0","0","0"
"Ampithoe valida","4","2","0","0","28","0","0","0","0","0","0"
"Bemlos virgus","0","0","0","0","0","0","0","0","0","0","0"
"Corophium","2","0","0","0","22","996","0","0","0","0","0"
"Echinogammarus ischnus","1","0","0","0","48","0","0","0","0","0","0"
"Ericthonius brasiliensis","5","2","0","0","2","0","0","0","0","0","0"
"Gammarus tigrinus","6","1","0","0","163","0","0","0","5","0","1"
"Microjassa","0","0","0","0","1","0","0","0","0","0","0"
"Parapleustes","0","0","0","0","1","0","0","0","0","0","0"
"Stenothoe","1","0","0","0","7","4","0","0","0","0","0"
"Balanus trigonus","2","3","0","0","15","2","0","0","0","0","11"
"Balanus","17","14","0","2","3386","4","0","0","0","0","26"
"Chthamalus proteus","1","17","0","0","279","1","0","0","0","0","1"
"Balanus crenatus","2","1","0","0","145","0","0","0","0","0","2"
"Balanus glandula","3","3","0","0","3149","0","0","0","0","0","4"
"Megabalanus coccopoma","2","1","0","0","8","0","0","0","0","0","2"
"Daphnia galeata galeata","0","0","0","0","0","0","0","0","0","0","3"
"Eubosmina coregoni","1","11","0","0","1","0","0","4","4","0","2"
"Eubosmina maritima","0","1","0","0","0","0","0","1","1","0","0"
"Mytilicola orientalis","2","0","0","0","28","0","0","0","0","0","0"
"Pseudodiaptomus inopinus","2","0","0","0","8","0","0","1","4","0","0"
"Argulus japonicus","7","1","0","0","21","7","0","0","0","0","1"
"Cyclops strenuus","14","4","0","0","3","0","0","1","1","0","23"
"Daphnia lumholtzi","0","1","0","0","14","0","0","0","0","0","2"
"Eurytemora affinis","33","2","0","12","380","14","0","0","0","0","2"
"Heteropsyllus","0","0","0","0","13","0","0","0","0","0","0"
"Megacyclops viridis","9","0","0","0","6","0","0","2","2","0","3"
"Neoergasilus japonicus","1","0","0","0","1","0","0","0","0","0","0"
"Nippoleucon hinumensis","0","0","0","0","0","0","0","0","0","0","0"
"Nitokra hibernica","1","0","0","0","0","10","0","0","0","0","0"
"Nitokra","8","0","0","0","7","10","0","0","0","0","0"
"Oithona davisae","2","0","0","0","11","0","0","0","0","0","0"
"Pseudodiaptomus marinus","4","0","0","0","10","0","0","2","1","0","0"
"Salmincola","0","0","0","0","3","0","0","0","0","0","0"
"Schizopera","0","1","0","0","40","5","0","0","0","0","1"
"Skistodiaptomus pallidus","10","10","0","1","35","0","0","10","10","0","0"
"Tachidius triangularis","1","0","0","0","0","0","0","0","0","0","0"
"Hemigrapsus sanguineus","0","7","0","51","199","3","0","0","0","0","4"
"Carcinus maenas","7","18","0","20","683","0","0","0","5","0","2"
"Callinectes bocourti","0","11","0","0","12","6","0","0","0","0","6"
"Pachygrapsus fakaravensis","0","2","0","0","1","0","0","0","0","0","1"
"Scylla serrata","2","107","0","1","285","8","0","0","1","0","17"
"Cancer","5","14","0","1","140","4","0","0","0","0","2"
"Petrolisthes armatus","4","302","0","0","16","415","0","0","0","0","2"
"Sphaeroma quoianum","1","5","0","0","0","0","0","0","0","0","0"
"Sphaeroma terebrans","1","9","0","0","41","1","0","0","0","0","1"
"Synidotea laevidorsalis","0","0","0","0","7","0","0","0","0","0","0"
"Sphaeroma walkeri","2","2","0","0","0","0","0","0","0","0","0"
"Ligia exotica","0","110","0","1","18","98","0","0","0","0","21"
"Dynamenopsis","4","4","0","0","0","0","0","0","0","0","0"
"Dynoides","6","6","0","0","0","0","0","0","0","0","0"
"Joeropsis dubia","0","1","0","0","1","0","0","0","0","0","0"
"Paranthura","1","1","0","0","0","0","0","0","0","0","0"
"Eusarsiella","1","0","0","0","6","0","0","0","0","0","0"
"Hemimysis anomala","1","0","0","0","9","0","0","0","0","0","0"
"Nebalia","4","0","0","12","152","0","0","2","0","0","1"
"Litopenaeus vannamei","38","124","0","9","143","38","0","1","4","0","24"
"Macrobrachium olfersii","12","33","0","0","47","0","0","0","0","0","0"
"Penaeus monodon","12","145","0","0","327","81","0","0","2","0","76"
"Caprella penantis","17","0","0","0","158","1","0","0","0","0","0"
"Macrobrachium lar","7","211","0","0","8","1","0","0","0","0","0"
"Macrobrachium rosenbergii","20","106","0","84","257","97","0","59","5","0","3"
"Palaemon macrodactylus","2","5","0","0","108","1","0","0","3","0","1"
"Ophiactis savignyi","0","0","0","0","128","0","0","0","0","0","0"
"Glugea hertwigi","0","0","0","0","0","0","0","0","0","0","0"
"Heterosporis","0","1","0","0","0","0","0","0","0","0","0"
"Sphaeromyxa sevastopoli","0","0","0","0","0","0","0","0","0","0","0"
"Hydroides elegans","2","0","0","0","37","0","0","0","0","0","0"
"Alitta succinea","4","5","0","0","22","10","0","0","0","0","3"
"Polydora ciliata","1","0","0","0","0","0","0","0","0","0","0"
"Pseudopolydora paucibranchiata","4","31","0","0","3","0","0","0","0","0","0"
"Tubificoides pseudogaster","9","7","0","0","14","0","0","0","0","0","5"
"Boccardia proboscidea","26","44","0","0","23","0","0","0","0","0","0"
"Euchone","1","1","0","0","1","0","0","0","0","0","0"
"Hydroides dirampha","1","0","0","0","1","0","0","6","0","0","0"
"Pseudopolydora kempi","0","4","0","0","0","0","0","0","0","0","0"
"Clymenella torquata","0","1","0","0","12","2","0","0","0","0","1"
"Sabellastarte spectabilis","1","1","0","0","2","4","0","0","0","0","0"
"Janua pagenstecheri","1","0","0","0","0","0","0","0","0","0","0"
"Perna perna","29","6","0","0","134","63","0","222","15","0","0"
"Ruditapes philippinarum","78","131","0","0","506","259","0","14","55","0","36"
"Ceratostoma","0","14","0","8","32","4","0","0","4","0","5"
"Geukensia demissa","3","6","0","0","39","59","0","0","0","0","2"
"Mytilopsis sallei","5","2","0","0","125","0","0","0","0","0","0"
"Teredo","6","1","0","0","156","0","0","0","0","0","0"
"Theora lubrica","0","2","0","0","0","0","0","0","0","0","0"
"Acar plicata","1","0","0","0","21","0","0","0","0","0","0"
"Tenellia adspersa","0","2","0","0","4","0","0","0","0","0","0"
"Tritonia plebeia","1","2","0","0","9","0","0","0","0","0","0"
"Urosalpinx cinerea","0","1","0","0","28","0","0","0","0","0","1"
"Anomia","4","3","0","0","24","0","0","1","0","0","0"
"Crucibulum spinosum","0","0","0","0","0","3","0","0","0","0","0"
"Ostrea edulis","18","20","0","0","9","4","0","5","2","0","17"
"Pinctada margaritifera","45","56","0","0","85","9","0","1","5","0","8"
"Thecacera pennigera","0","2","0","0","2","0","0","0","0","0","0"
"Adula","2","0","0","0","12","0","0","0","0","0","0"
"Adula aff. californiensis MO-2010","1","0","0","0","0","0","0","0","0","0","0"
"Limnoperna fortunei","3","1","0","22","35","2","0","0","0","0","0"
"Nuttallia obscurata","3","9","0","0","6","0","0","0","0","0","0"
"Rattus norvegicus","444","94","14","14","399","62","0","0","7","0","116"
"Zalophus californianus","5","3","0","0","1","1","0","0","0","0","15"
"Lyrodus","21","0","0","0","16","0","0","0","0","0","0"
"Musculista senhousia","8","3","0","1","68","5","0","1","0","0","1"
"Mytilus galloprovincialis","18","1057","0","1","599","60","0","2","26","0","7"
"Gemma gemma","1","2","0","0","42","1","0","0","0","0","0"
"Mercenaria mercenaria","14","19","0","0","161","16","0","3","7","0","2"
"Mytella charruana","2","0","0","166","58","4","0","0","2","0","0"
"Perna viridis","65","29","0","26","98","31","0","40","53","0","2"
"Chama pacifica","1","0","0","0","0","0","0","0","0","0","0"
"Chama macerophylla","4","4","0","0","1","0","0","3","3","0","0"
"Crassostrea virginica","10","4","0","0","126","102","0","4","17","0","0"
"Crassostrea ariakensis","11","42","0","2","96","9","0","9","46","0","56"
"Lasmigona subviridis","0","1","0","0","0","4","0","0","2","0","1"
"Ostrea","49","345","0","1","203","57","0","19","49","0","21"
"Pisidium amnicum","8","7","0","0","12","3","0","0","0","0","0"
"Pisidium henslowanum","4","13","0","0","1","1","0","0","0","0","0"
"Pisidium","69","449","0","0","142","24","0","0","0","0","0"
"Pisidium supinum","6","19","0","0","1","0","0","0","0","0","0"
"Sphaerium corneum","9","55","0","0","1","0","0","0","8","0","0"
"Tapes","6","10","0","0","24","0","0","6","6","0","0"
"Tridacna","79","675","0","147","2172","143","0","8","10","1","10"
"Venerupis","10","2","0","0","2","1","0","6","1","0","0"
"Littorina littorea","4","6","0","0","741","1","0","0","0","0","3"
"Littorina saxatilis","1","3","0","0","101","2","0","0","0","0","4"
"Rapana venosa","1","16","0","14","86","3","0","0","2","0","4"
"Batillaria attramentaria","0","10","0","0","17","2","0","0","0","0","2"
"Boonea","1","1","0","0","6","0","0","0","0","0","0"
"Busycotypus canaliculatus","1","0","0","0","2","0","0","0","0","0","0"
"Ocinebrellus inornatus","0","72","0","0","5","2","0","0","0","0","81"
"Myosotella myosotis","3","4","0","0","1","3","0","0","0","0","3"
"Potamothrix bavaricus","3","7","0","0","59","0","0","5","2","0","1"
"Bithynia tentaculata","3","3","0","0","15","10","0","0","5","0","1"
"Cipangopaludina chinensis","5","83","0","0","82","3","0","0","0","0","2"
"Cipangopaludina japonica","4","42","0","1","43","2","0","0","0","0","1"
"Crepidula","2","60","0","0","217","33","0","0","0","0","1"
"Crepidula aff. depressa","0","1","0","0","9","0","0","0","0","0","0"
"Crepidula aff. onyx RC","0","2","0","0","2","0","0","0","0","0","0"
"Crepidula aff. williamsi RC","0","2","0","0","2","0","0","0","0","0","0"
"Crepidula aff. marginalis RC-2003","0","0","0","0","0","0","0","0","0","0","0"
"Elimia virginica","0","2","0","0","5","0","0","0","0","0","0"
"Gillia altilis","0","1","0","0","0","0","0","0","0","0","0"
"Hermissenda crassicornis","18","16","0","0","42","0","0","0","0","0","0"
"Nassarius","40","509","0","0","875","41","0","0","13","0","164"
"Nassarius (Zeuxis) sp. HL-2010a","0","0","0","0","0","0","0","0","0","0","0"
"Nassarius aff. bicallosus LAG-2016","0","1","0","0","0","0","0","0","0","0","1"
"Philine auriformis","0","4","0","0","0","0","0","0","0","0","0"
"Physella acuta","8","86","0","47","175","11","0","2","17","0","3"
"Pomacea canaliculata","49","71","0","1","971","4","0","0","0","0","19"
"Radix auricularia","4","3","0","6","201","24","0","90","8","0","2"
"Tarebia granifera","0","106","0","0","6","96","0","0","0","0","1"
"Valvata piscinalis","2","2","0","0","1","2","0","0","0","0","1"
"Viviparus","7","10","0","0","29","5","0","0","0","0","3"
"Cuthona","16","21","0","0","44","0","0","0","0","0","0"
"Cumanotus","0","0","0","0","2","0","0","0","0","0","0"
"Dendronotus frondosus","2","32","0","0","50","1","0","0","0","0","0"
"Eubranchus","4","41","0","0","58","11","0","0","0","0","0"
"Eubranchus rupium","0","10","0","0","16","0","0","0","0","0","0"
"Glossodoris","4","49","0","0","35","1","0","0","0","0","7"
"Okenia","1","8","0","0","51","0","0","1","1","0","0"
"Anguillicola crassus","59","0","0","467","60","0","0","0","0","0","0"
"Sporobolus alterniflorus","12","2","0","0","0","1","0","16","15","73","1"
"Sporobolus anglicus","3","0","0","0","0","0","0","0","0","5","0"
"Sporobolus densiflorus","4","0","0","0","0","0","0","5","5","36","0"
"Sporobolus","298","10","0","0","0","1","0","187","161","560","1"
"Zizania latifolia","2","3","0","0","0","0","0","5","5","10","0"
"Zostera japonica","0","0","0","0","0","0","0","5","8","0","0"
"Undaria pinnatifida","4","7","0","0","4","42","0","30","25","4","0"
"Achillea ptarmica","0","0","0","0","0","0","0","4","3","2","0"
"Aegopodium podagraria","0","0","0","0","0","0","0","6","3","5","0"
"Agrostis gigantea","12","2","6","0","0","0","0","7","6","5","0"
"Agrostis stolonifera","38","2","0","0","0","0","0","43","43","10","0"
"Alliaria petiolata","0","2","0","0","0","0","0","22","16","13","0"
"Allium schoenoprasum","3","0","0","0","0","0","0","19","17","21","0"
"Alnus glutinosa","48","9","0","0","0","0","0","25","21","2","0"
"Alopecurus carolinianus","0","0","0","0","0","0","0","1","0","0","0"
"Alopecurus geniculatus","1","0","0","0","0","0","0","0","0","2","0"
"Alopecurus pratensis","1","0","0","0","0","0","0","2","1","5","0"
"Alternanthera philoxeroides","6","3","0","0","0","0","0","6","6","4","0"
"Amaranthus blitoides","3","0","0","0","0","0","0","8","5","2","0"
"Ambrosia psilostachya","0","0","0","0","0","0","0","3","0","3","0"
"Ammophila arenaria","9","0","0","0","0","0","0","6","6","6","0"
"Andropogon virginicus","0","1","0","0","0","0","0","2","0","0","0"
"Anthriscus caucalis","0","0","0","0","0","0","0","0","0","10","0"
"Arenaria serpyllifolia","2","0","0","0","0","0","0","7","4","4","0"
"Armoracia rusticana","0","0","0","0","0","0","0","4","1","3","0"
"Artemisia biennis","1","0","0","0","0","0","0","6","4","0","0"
"Arundo donax","1","4","0","0","0","0","0","12","6","104","0"
"Atriplex patula","1","0","0","0","0","0","0","6","3","4","0"
"Barbarea orthoceras","1","0","0","0","0","0","0","3","1","1","0"
"Barbarea vulgaris","1","0","0","0","0","0","0","8","6","5","0"
"Batis maritima","3","0","0","0","0","2","0","0","0","0","0"
"Betula pendula","5","5","0","0","0","0","0","21","21","6","0"
"Bidens tripartita","2","0","0","0","0","0","0","7","6","5","0"
"Boehmeria cylindrica","0","0","0","0","0","0","0","2","0","0","0"
"Brachiaria","5","4","0","0","0","0","0","11","11","14","0"
"Butomus umbellatus","5","4","0","0","0","3","0","2","2","3","0"
"Cabomba caroliniana","5","5","0","0","0","0","0","6","2","20","0"
"Callitriche stagnalis","2","0","0","0","0","0","0","3","2","43","0"
"Campsis radicans","1","0","0","0","0","0","0","13","1","3","0"
"Cannabis sativa","41","16","0","0","0","7","0","24","7","95","0"
"Capsella bursa-pastoris","8","3","0","0","0","1","0","40","29","27","0"
"Carex acutiformis","2","1","0","0","0","0","0","5","5","5","0"
"Carex bushii","0","0","0","0","0","0","0","1","1","0","0"
"Carex crawei","0","0","0","0","0","0","0","1","1","0","0"
"Carex disticha","0","0","0","0","0","0","0","1","1","1","0"
"Carex flacca","1","1","0","0","0","0","0","4","2","4","0"
"Carex ovalis","1","0","0","0","0","0","0","5","4","2","0"
"Carpobrotus chilensis","0","0","0","0","0","0","0","0","0","0","0"
"Chelidonium majus","3","3","0","0","0","0","0","14","6","9","0"
"Chenopodium album","30","3","0","0","0","0","0","87","72","100","0"
"Chenopodium","50","17","0","0","0","2","0","289","244","371","4"
"Cirsium palustre","18","0","0","0","0","0","0","22","21","14","0"
"Clintonia borealis","1","0","0","0","0","1","0","0","0","0","0"
"Commelina communis","1","1","0","0","0","0","0","5","1","3","0"
"Conium maculatum","3","0","0","0","0","0","0","94","91","0","0"
"Crataegus douglasii","0","0","0","0","0","0","0","149","1","9","0"
"Cynosurus cristatus","2","2","0","0","0","0","0","5","5","7","0"
"Delairea odorata","2","0","0","0","0","0","0","2","1","1","0"
"Dioscorea oppositifolia","3","1","0","0","0","0","0","4","1","2","0"
"Dryopteris","3","9","0","0","0","1","0","4","3","594","0"
"Echinochloa crus-galli","9","8","0","0","0","0","0","83","91","115","0"
"Echinochloa muricata","0","0","0","0","0","0","0","1","0","1","0"
"Ellisia nyctelea","1","0","0","0","0","0","0","1","0","0","0"
"Epilobium hirsutum","0","0","0","0","0","0","0","1","0","1","0"
"Epilobium parviflorum","0","0","0","0","0","0","0","3","0","0","0"
"Festuca rubra","10","3","0","0","0","0","0","10","4","24","0"
"Frangula alnus","3","0","0","0","2","1","0","2","0","8","0"
"Gleditsia triacanthos","13","0","0","0","0","1","0","1","0","3","0"
"Glyceria maxima","2","0","0","0","0","0","0","3","3","2","0"
"Gnaphalium uliginosum","0","0","0","0","0","0","0","6","4","3","0"
"Gypsophila paniculata","1","2","0","0","0","0","0","2","1","3","0"
"Halymenia durvillei","0","0","0","0","1","0","0","0","0","0","0"
"Hedera helix","6","1","0","0","0","0","0","14","13","74","0"
"Helenium flexuosum","0","0","0","0","0","0","0","16","13","0","0"
"Helianthus annuus","76","34","0","9","0","2","0","15","11","11","2"
"Hordeum jubatum","1","2","0","0","0","0","0","20","18","6","0"
"Hordeum jubatum subsp. x intermedium","0","0","0","0","0","0","0","0","0","0","0"
"Hydrocharis morsus-ranae","0","0","0","0","0","1","0","2","1","1","0"
"Hydrocotyle umbellata","0","0","0","0","0","0","0","1","0","0","0"
"Hygrophila polysperma","0","0","0","0","0","0","0","0","0","0","0"
"Impatiens capensis","4","0","0","0","0","0","0","6","2","2","0"
"Impatiens glandulifera","18","3","0","0","0","0","0","20","19","46","0"
"Imperata cylindrica","11","3","0","0","0","0","0","33","18","254","0"
"Ipomoea hederacea","3","3","0","0","0","0","0","16","16","4","0"
"Iris pseudacorus","2","0","0","0","0","0","0","11","3","15","0"
"Juncus articulatus","0","0","0","0","0","0","0","1","1","2","0"
"Juncus compressus","0","0","0","0","0","0","0","1","0","2","0"
"Juncus gerardii","0","0","0","0","0","0","0","1","0","3","0"
"Juncus inflexus","0","0","0","0","0","0","0","1","0","1","0"
"Lactuca serriola","6","0","0","0","1","2","0","34","29","15","0"
"Lactuca serriola UC96US23","0","0","0","0","0","0","0","0","0","0","0"
"Lepidium densiflorum","1","0","0","0","0","0","0","2","0","1","0"
"Leucojum aestivum","0","1","0","0","0","0","0","4","2","2","0"
"Liatris pycnostachya","0","0","0","0","0","0","0","1","1","0","0"
"Ligustrum vulgare","2","2","0","0","0","0","0","5","4","8","0"
"Lomentaria hakodatensis","0","0","0","0","12","0","0","0","0","0","0"
"Lotus corniculatus","6","3","0","0","0","0","0","21","10","25","0"
"Lupinus polyphyllus","2","0","0","0","0","0","0","42","30","10","0"
"Lycopus asper","0","0","0","0","0","0","0","2","0","2","0"
"Lycopus europaeus","0","0","0","0","0","0","0","7","0","2","0"
"Lysimachia nummularia","0","0","0","0","0","0","0","4","3","6","0"
"Lysimachia vulgaris","0","0","0","0","0","0","0","7","2","6","0"
"Lythrum salicaria","3","2","0","0","0","0","0","10","10","3","0"
"Macfadyena","0","0","0","0","0","0","0","0","0","0","0"
"Marrubium vulgare","0","0","0","0","0","0","0","0","0","8","0"
"Marsilea quadrifolia","1","0","0","0","0","0","0","1","1","4","0"
"Medicago lupulina","5","3","0","0","0","0","0","29","19","11","0"
"Mentha aquatica","6","0","0","0","0","0","0","17","16","19","0"
"Mentha spicata","3","2","0","0","0","0","0","26","19","39","0"
"Mentha x gracilis","0","0","0","0","0","0","0","1","1","1","0"
"Mentha x piperita","1","3","0","0","0","0","0","44","39","25","0"
"Microstegium vimineum","3","0","0","0","0","0","0","3","3","148","0"
"Mollugo verticillata","12","4","0","0","0","0","0","13","11","2","0"
"Morus alba","30","4","0","0","0","0","0","100","52","137","0"
"Muhlenbergia racemosa","0","0","0","0","0","0","0","4","1","1","0"
"Myosotis arvensis","1","0","0","0","0","0","0","1","1","3","0"
"Myosotis scorpioides","0","0","0","0","0","0","0","1","0","2","0"
"Myosoton aquaticum","3","0","0","0","0","0","0","3","1","3","0"
"Najas marina","293","0","0","0","0","0","0","27","26","102","0"
"Najas minor","125","0","0","0","0","0","0","124","125","2","0"
"Nasturtium officinale","2","3","0","0","0","0","0","14","10","10","0"
"Nepeta cataria","3","2","0","0","0","0","0","5","1","5","0"
"Oenothera pilosella","0","0","0","0","0","0","0","2","1","1","0"
"Ornithogalum umbellatum","0","0","0","0","0","0","0","1","1","2","0"
"Panicum repens","2","0","0","0","0","0","0","12","11","4","0"
"Parthenocissus quinquefolia","0","0","0","0","0","0","0","0","0","26","0"
"Phalaris arundinacea","2","2","0","0","0","0","0","21","20","18","0"
"Phragmites australis","2","6","0","0","0","0","0","11","7","227","0"
"Picea pungens","0","0","0","0","0","0","0","1","0","7","0"
"Plantago lanceolata","11","0","0","0","3","2","0","40","6","18","0"
"Plantago major","10","0","0","0","2","1","0","49","4","8","0"
"Plantago rugelii","10","1","0","0","2","1","0","2","1","3","0"
"Pluchea odorata","1","0","0","0","0","0","0","2","2","0","0"
"Poa annua","11","2","0","0","2","0","0","31","29","42","0"
"Poa bulbosa","5","0","0","0","0","0","0","8","7","13","0"
"Poa pratensis","7","1","0","0","0","0","0","37","26","50","0"
"Poa trivialis","2","2","0","0","0","0","0","10","8","12","0"
"Polygonum","39","0","0","0","4","0","0","219","190","82","0"
"Polygonum aviculare","6","0","0","0","4","0","0","32","20","9","0"
"Polygonum cuspidatum","1","0","0","0","0","0","0","1","1","7","0"
"Polygonum ramosissimum","0","0","0","0","0","0","0","3","3","1","0"
"Populus deltoides","9","6","0","1","3","0","0","2","5","9","0"
"Portulaca oleracea","23","5","0","0","0","0","0","38","20","14","0"
"Potamogeton crispus","28","0","0","0","0","1","0","14","9","9","0"
"Potentilla norvegica","1","0","0","0","0","0","0","10","2","5","0"
"Prosopis pallida","1","0","0","0","0","0","0","1","1","0","0"
"Prunella vulgaris","1","2","0","0","0","0","0","48","20","11","0"
"Puccinellia distans","1","2","0","0","0","0","0","5","3","8","0"
"Ranunculus acris","2","0","0","0","0","0","0","7","2","41","0"
"Ranunculus bulbosus","0","0","0","0","0","0","0","5","1","2","0"
"Ranunculus flammula","0","1","0","0","0","0","0","3","0","1","0"
"Ranunculus repens","0","2","0","0","0","0","0","2","1","5","0"
"Rhamnus cathartica","4","0","5","0","3","0","0","4","2","4","0"
"Rhizophora mangle","0","1","0","0","0","0","0","6","6","3","0"
"Rhynchospora nitens","0","0","0","0","0","0","0","0","0","0","0"
"Rorippa sylvestris","0","0","0","0","0","0","0","5","1","35","0"
"Rumex acetosella","1","0","0","0","0","0","0","6","2","4","0"
"Rumex crispus","4","2","0","0","0","0","0","10","4","7","0"
"Rumex longifolius","1","0","0","0","0","0","0","1","0","0","0"
"Rumex obtusifolius","0","0","0","0","0","0","0","2","2","2","0"
"Sagina procumbens","3","0","0","0","0","0","0","8","4","1","0"
"Salix alba","3","1","0","0","0","0","0","6","9","0","0"
"Salix exigua","4","0","0","0","2","0","0","3","1","0","0"
"Salix fragilis","1","0","0","0","0","0","0","3","13","3","0"
"Salix x fragilis","0","0","0","0","0","0","0","0","4","0","0"
"Salix purpurea","2","2","0","0","0","2","0","4","3","1","0"
"Salix x pendulina","0","0","0","0","2","0","0","0","0","0","0"
"Salix","121","40","0","0","38","8","0","405","175","105","0"
"Salsola","25","1","0","0","1","0","0","99","83","10","0"
"Salvinia minima","1","0","0","0","0","0","0","1","1","2","0"
"Sapium","0","0","0","0","0","0","0","0","0","7","0"
"Solanum dulcamara","4","2","0","0","3","0","0","1","1","4","0"
"Solidago sempervirens","2","0","0","0","0","0","0","5","4","1","0"
"Sonchus arvensis","0","1","0","0","0","0","0","17","8","2","0"
"Sonchus arvensis subsp. uliginosus","0","0","0","0","0","0","0","0","0","1","0"
"Sonchus asper","1","3","0","0","3","0","0","19","20","4","0"
"Sorghum halepense","5","1","0","0","0","0","0","10","9","17","0"
"Sparganium androcladum","1","0","0","0","0","0","0","1","0","1","0"
"Sparganium emersum","4","0","0","0","0","0","0","1","0","5","0"
"Sparganium glomeratum","6","0","0","0","0","0","0","0","0","5","0"
"Spirodela polyrhiza","3","3","0","0","0","2","0","2","1","13","0"
"Stachys palustris","0","0","0","0","0","0","0","2","0","5","0"
"Tamarix","55","5","0","0","1","0","0","214","180","175","0"
"Tradescantia pallida","0","1","0","0","0","0","0","0","0","3","0"
"Trapa natans","0","2","0","0","0","0","0","15","14","22","0"
"Trifolium hybridum","2","1","0","0","0","0","0","9","3","1","0"
"Trillium erectum","2","0","0","0","0","0","0","3","2","4","0"
"Typha angustifolia","5","2","0","0","2","0","0","11","0","44","0"
"Typha latifolia","2","2","0","0","2","0","0","0","0","47","0"
"Ulmus americana","5","3","1","0","0","0","0","5","5","15","0"
"Veronica beccabunga","7","0","0","0","0","0","0","3","3","2","0"
"Veronica serpyllifolia","2","0","5","0","0","0","0","3","2","1","0"
"Viburnum opulus var. americanum","0","0","0","0","0","0","0","4","4","2","0"
"Viola blanda","0","0","0","0","0","0","0","6","1","3","0"
"Viola blanda var. palustriformis","0","0","0","0","0","0","0","1","1","0","0"
"Wisteria frutescens","3","0","0","0","0","0","0","6","5","1","0"
"Xanthium strumarium","11","0","0","0","0","0","0","26","13","4","0"
"Bothriocephalus","39","10","0","0","1","52","0","10","29","0","0"
"Dactylogyrus amphibothrium","1","0","0","0","0","0","0","0","1","0","0"
"Dactylogyrus hemiamphibothrium","1","0","0","0","0","0","0","0","1","0","0"
"Dugesia","38","3","0","0","451","323","0","1","147","5","3"
"Ichthyocotylurus pileatus","5","0","0","1","10","0","0","2","1","0","0"
"Neascus","3","0","0","0","3","0","0","0","0","0","0"
"Scolex pleuronectis","0","0","0","0","0","0","0","0","0","0","0"
"Timoniella","0","0","0","0","0","0","0","0","0","0","0"
"Trochammina hadai","7","0","0","0","0","0","0","0","0","0","0"
"Acineta","2","0","0","0","0","0","0","1","1","2","0"
"Corythionella","0","0","0","0","0","0","0","0","0","0","0"
"Psammonobiotus communis","0","0","0","0","0","0","0","0","0","0","0"
"Psammonobiotus dziwnowi","0","0","0","0","0","0","0","0","0","0","0"
"Psammonobiotus linearis","0","0","0","0","0","0","0","0","0","0","0"
"Trypanosoma","2485","25","0","4","98","5","0","250","1136","0","326"
"Trypanosoma sp. bat/TryCC60/GAB","0","0","0","0","0","0","0","0","0","0","0"
"Varanus indicus","0","24","0","0","7","0","0","0","0","0","1"
"Caiman crocodilus","0","6","0","0","65","13","0","1","1","0","5"
"Cliona","46","0","0","6","20","91","0","79","123","0","0"
"Cliona aff. celata JRX-2009","0","0","0","0","0","15","0","0","0","0","0"
"Gelliodes","1","0","0","0","5","2","0","0","0","0","0"
"Gelliodes aff. carnosa LNP-2018","0","0","0","0","1","0","0","0","0","0","0"
"Mycale","70","46","0","3","14","38","0","4","1","0","0"
"Mycale sp. sp16","1","0","0","0","0","0","0","0","0","0","0"
"Mycale sp. sp12","0","0","0","0","0","0","0","0","0","0","0"
"Mycale aff. americana GLH-2013","0","1","0","0","0","0","0","0","0","0","0"
"Mycale parishii","1","1","0","0","1","0","0","0","0","0","0"
"Sigmadocia caerulea","0","0","0","1","3","2","0","0","0","0","0"
"Suberites","20","1","0","7","17","37","0","2","1","0","1"
"Cliona celata","29","0","0","1","10","17","0","5","5","0","0"
"Haliclona","125","58","0","8","57","209","0","7","2","0","0"
"Haliclona sp. sp5","1","0","0","0","0","0","0","0","0","0","0"
"Haliclona (Haliclona) sp. KJP-2009","0","0","0","0","0","0","0","0","0","0","0"
"Haliclona (Halichoclona) sp. A GPM-2011","0","0","0","0","0","0","0","0","0","0","0"
"Haliclona aff. aquaeductus","0","0","0","0","1","0","0","0","0","0","0"
"Haliclona (Reniera) sp. CMNI 2018-0176","0","0","0","0","0","0","0","0","0","0","0"
"Prosuberites","32","0","0","0","1","0","0","31","31","0","0"
"Macrobiotus hufelandi","6","0","0","4","5","0","0","0","0","0","0"
"Macrobiotus hufelandi group","10","0","0","4","10","0","0","0","0","0","0"
"Macrobiotus hufelandi group sp. NG-2008","4","0","0","0","3","0","0","0","0","0","0"
"Macrobiotus hufelandi grp. sp. F7662","1","0","0","0","0","0","0","0","0","0","0"
"Macrobiotus hufelandi grp. sp. F7946","0","0","0","0","0","0","0","0","0","0","0"
"Macrobiotus hufelandi grp. sp. F3485","1","0","0","0","0","0","0","0","0","0","0"
"Macrobiotus hufelandi grp. sp. F6343","1","0","0","0","0","0","0","0","0","0","0"
"Macrobiotus hufelandi grp. sp. F6344","1","0","0","0","0","0","0","0","0","0","0"
"Macrobiotus hufelandi grp. sp. F6345","1","0","0","0","0","0","0","0","0","0","0"
"Macrobiotus hufelandi grp. sp. F7780","0","0","0","0","0","0","0","0","0","0","0"
"Macrobiotus hufelandi grp. sp. F6388","1","0","0","1","0","0","0","0","0","0","0"
"Macrobiotus hufelandi grp. sp. F6391","1","0","0","0","0","0","0","0","0","0","0"
"Macrobiotus hufelandi grp. sp. F6421","0","0","0","0","0","0","0","0","0","0","0"
"Macrobiotus hufelandi grp. sp. F6441","1","0","0","1","0","0","0","0","0","0","0"
"Macrobiotus hufelandi grp. sp. F6461","0","0","0","0","0","0","0","0","0","0","0"
"Macrobiotus hufelandi grp. sp. F6464","1","0","0","0","0","0","0","0","0","0","0"
"Macrobiotus hufelandi grp. sp. F6518","0","0","0","0","0","0","0","0","0","0","0"
"Macrobiotus hufelandi grp. sp. F6963","1","0","0","0","0","0","0","0","0","0","0"
"Macrobiotus hufelandi grp. sp. F6965","1","0","0","0","0","0","0","0","0","0","0"
"Macrobiotus hufelandi grp. sp. F6967","0","0","0","0","0","0","0","0","0","0","0"
"Macrobiotus hufelandi grp. sp. F6968","1","0","0","0","0","0","0","0","0","0","0"
"Macrobiotus hufelandi grp. sp. F7031","1","0","0","0","0","0","0","0","0","0","0"
"Macrobiotus hufelandi grp. sp. F7129","1","0","0","0","0","0","0","0","0","0","0"
"Macrobiotus hufelandi grp. sp. F7359","1","0","0","0","0","0","0","0","0","0","0"
"Macrobiotus hufelandi grp. sp. F7516","0","0","0","0","0","0","0","0","0","0","0"
"Macrobiotus hufelandi grp. sp. F7518","0","0","0","0","0","0","0","0","0","0","0"
"Macrobiotus hufelandi grp. sp. F7586","0","0","0","0","0","0","0","0","0","0","0"
"Macrobiotus hufelandi grp. sp. F7588","1","0","0","0","0","0","0","0","0","0","0"
"Macrobiotus hufelandi grp. sp. F7681","1","0","0","0","0","0","0","0","0","0","0"
"Macrobiotus hufelandi grp. sp. F7721","1","0","0","0","0","0","0","0","0","0","0"
"Macrobiotus hufelandi grp. sp. F7831","1","0","0","0","0","0","0","0","0","0","0"
"Macrobiotus hufelandi grp. sp. F7835","0","0","0","0","0","0","0","0","0","0","0"
"Macrobiotus hufelandi grp. sp. F7985","0","0","0","1","0","0","0","0","0","0","0"
"Macrobiotus hufelandi grp. sp. F6342","0","0","0","1","0","0","0","0","0","0","0"
"Macrobiotus hufelandi group sp. MC-2011","1","0","0","0","0","0","0","0","0","0","0"
"Milnesium tardigradum","28","0","0","0","14","0","0","6","0","0","0"
"Didemnum","25","1","0","14","224","82","0","0","0","0","0"
"Polyandrocarpa zorritensis","2","0","0","1","6","1","0","0","0","0","0"
"Ascidia sydneiensis","1","0","0","1","4","0","0","0","0","0","0"
"Didemnum candidum","0","0","0","0","4","0","0","0","0","0","0"
"Phallusia nigra","10","0","0","1","1","0","0","0","0","0","0"
"Botrylloides diegensis","2","0","0","0","32","1","0","0","0","0","0"
"Botrylloides","18","0","0","3","138","37","0","0","0","0","1"
"Botrylloides aff. leachii JD-2017","1","0","0","0","1","0","0","0","0","0","0"
"Botrylloides sp. neg1","0","0","0","0","0","0","0","0","0","0","0"
"Botrylloides sp. neg10","0","0","0","0","0","0","0","0","0","0","0"
"Botrylloides sp. neg11","0","0","0","0","0","0","0","0","0","0","0"
"Botrylloides sp. neg12","0","0","0","0","0","0","0","0","0","0","0"
"Botrylloides sp. neg1AN","0","0","0","0","0","0","0","0","0","0","0"
"Botrylloides sp. neg2","0","0","0","0","0","0","0","0","0","0","0"
"Botrylloides sp. neg3","0","0","0","0","0","0","0","0","0","0","0"
"Botrylloides sp. neg3M","0","0","0","0","0","0","0","0","0","0","0"
"Botrylloides sp. neg4","0","0","0","0","0","0","0","0","0","0","0"
"Botrylloides sp. neg5","0","0","0","0","0","0","0","0","0","0","0"
"Botrylloides sp. neg6","0","0","0","0","0","0","0","0","0","0","0"
"Botrylloides sp. neg7","0","0","0","0","0","0","0","0","0","0","0"
"Botrylloides sp. neg8","0","0","0","0","0","0","0","0","0","0","0"
"Botrylloides sp. neg9","0","0","0","0","0","0","0","0","0","0","0"
"Botryllus","18","1","0","7","555","15","0","0","0","0","0"
"Botryllus sp. indet. CG-2020","0","0","0","0","2","2","0","0","0","0","0"
"Corella inflata","1","0","0","0","0","0","0","0","0","0","0"
"Corella willmeriana","0","0","0","0","0","0","0","0","0","0","0"
"Microcosmus squamiger","3","0","0","4","292","1","0","0","0","0","0"
"Styela canopus","1","0","0","1","9","142","0","0","0","0","0"
"Symplegma brakenhielmi","0","0","0","0","13","1","0","0","0","0","0"
"Sarotherodon melanotheron","0","5","0","0","34","13","0","0","0","0","3"
"Tilapia","0","20","0","20","42","1","0","0","0","0","18"
"Acanthogobius flavimanus","1","2","0","0","5","0","0","0","0","0","14"
"Cephalopholis argus","0","6","0","1","99","3","0","0","0","0","6"
"Lutjanus kasmira","0","3","0","0","199","4","0","0","0","0","3"
"Oreochromis aureus","4","4","0","0","76","23","0","1","2","0","6"
"Tridentiger trigonocephalus","0","3","0","0","22","1","0","0","0","0","17"
"Gonodactylaceus falcatus","1","1","0","2","4","71","0","0","0","0","0"
"Lutjanus fulvus","2","3","0","0","38","1","0","0","0","0","8"
"Zebrasoma velifer","0","3","0","0","22","4","0","0","0","0","3"
"Acanthurus maculiceps","0","0","0","0","1","0","0","0","0","0","3"
"Alosa aestivalis","0","6","0","0","25","2","0","0","0","0","5"
"Alosa pseudoharengus","0","11","0","0","35","4","0","0","0","0","10"
"Ameiurus catus","0","10","0","0","9","8","0","0","0","0","10"
"Anchoa lyolepis","0","3","0","0","1","1","0","0","0","0","1"
"Apeltes quadracus","0","5","0","1","16","1","0","0","0","0","3"
"Archoplites interruptus","0","1","0","0","3","0","0","0","0","0","0"
"Astronotus ocellatus","0","6","0","1","13","1","0","0","0","0","8"
"Balistes polylepis","0","4","0","0","4","21","0","0","0","0","3"
"Cichla ocellaris","0","4","0","0","0","3","0","0","0","0","5"
"Cichlasoma bimaculatum","0","3","0","0","2","0","0","0","0","0","0"
"Cittarium pica","4","129","0","0","108","1","0","0","0","0","2"
"Clarias batrachus","4","43","0","14","112","6","0","4","0","0","9"
"Enneacanthus gloriosus","0","1","0","0","25","0","0","0","0","0","0"
"Esox lucius","5","27","0","0","354","8","0","0","0","0","15"
"Esox niger","0","3","0","0","34","0","0","0","0","0","3"
"Fundulus diaphanus","0","4","0","0","36","1","0","0","0","0","3"
"Hemichromis letourneuxi","0","2","0","0","12","1","0","0","0","0","0"
"Heros severus","0","4","0","0","6","1","0","0","0","0","3"
"Heros severus Casiquiare","0","0","0","0","0","0","0","0","0","0","0"
"Heros severus Nanay","0","0","0","0","0","0","0","0","0","0","0"
"Hoplosternum littorale","0","10","0","0","17","4","0","0","0","0","12"
"Hypomesus nipponensis","0","20","0","0","19","6","0","12","0","0","11"
"Ictalurus punctatus","20","44","0","8","79","11","0","3","3","0","25"
"Lepomis humilis","0","3","0","0","16","0","0","0","0","0","1"
"Lepomis microlophus","0","2","0","0","15","0","0","0","0","0","0"
"Leuciscus idus","0","7","0","0","45","0","0","0","1","0","2"
"Limia vittata","0","1","0","0","39","0","0","0","0","0","1"
"Limnophila","0","0","0","0","367","0","0","1","1","4","0"
"Lucania parva","0","0","0","0","8","1","0","0","0","0","0"
"Misgurnus anguillicaudatus","3","23","0","0","62","51","0","0","0","0","64"
"Morone americana","1","11","0","0","32","1","0","0","0","0","10"
"Mylocheilus caurinus","0","10","0","1","15","1","0","0","0","0","3"
"Notropis buchanani","0","0","0","0","24","0","0","0","0","0","0"
"Noturus insignis","0","2","0","0","15","0","0","0","0","0","2"
"Oncorhynchus kisutch","122","72","0","3","173","4","0","1","3","0","12"
"Oncorhynchus mykiss irideus","0","0","0","0","0","0","0","0","0","0","0"
"Oncorhynchus nerka","14","36","0","2","97","3","0","1","5","0","32"
"Oncorhynchus tshawytscha","5","18","0","2","258","7","0","1","13","0","33"
"Oreochromis macrochir","0","6","0","0","2","1","0","0","0","0","2"
"Oreochromis niloticus","196","51","0","55","337","84","0","0","90","0","48"
"Orthodon microlepidotus","0","2","0","0","1","0","0","0","0","0","2"
"Osteoglossum bicirrhosum","3","5","0","0","4","10","0","0","0","0","8"
"Oxydoras niger","0","4","0","0","4","0","0","0","0","0","4"
"Parachromis managuensis","0","6","0","0","12","1","0","0","0","0","3"
"Petromyzon marinus","8","7","0","0","53","1","0","1","1","0","6"
"Phenacobius mirabilis","0","8","0","0","8","2","0","0","0","0","5"
"Piaractus brachypomus","0","6","0","1","52","3","0","0","0","0","5"
"Plecoglossus altivelis","1","11","0","1","2","6","0","1","0","0","19"
"Poecilia latipinna","2","2","0","0","20","2","0","0","0","0","4"
"Poecilia vivipara","0","0","0","0","38","0","0","0","0","0","0"
"Proterorhinus semilunaris","0","5","0","1","14","0","0","0","0","0","0"
"Pygocentrus nattereri","5","10","0","1","66","1","0","0","0","0","5"
"Salmo trutta x Salvelinus fontinalis","0","0","0","0","0","0","0","0","0","0","0"
"Sander lucioperca","6","9","0","0","66","4","0","0","0","0","10"
"Penaeus monodon-type Baculovirus","0","0","0","0","0","0","0","0","0","0","0"
"WSBV","0","0","0","0","0","0","0","0","0","0","0"
"Aeromonas salmonicida","0","16698","0","0","0","0","0","0","1","1","0"
"Novirhabdovirus sp.","0","0","0","0","0","0","0","0","0","0","0"
"Piscirickettsia salmonis","0","3924","0","0","0","0","0","0","0","0","0"
"Piscirickettsia salmonis FSC773","0","0","0","0","0","0","0","0","0","0","0"
"Piscirickettsia salmonis LF-89 = ATCC VR-1361","0","652","0","0","0","0","0","0","0","0","0"
"Piscirickettsia salmonis AUSTRAL-005","0","0","0","0","0","0","0","0","0","0","0"
"Piscirickettsia salmonis EM-90","0","452","0","0","0","0","0","0","0","0","0"
"Piscirickettsia salmonis ES-3","0","0","0","0","0","0","0","0","0","0","0"
"Piscirickettsia salmonis CGA/3731","0","0","0","0","0","0","0","0","0","0","0"
"Piscirickettsia salmonis T-GIM","0","316","0","0","0","0","0","0","0","0","0"
"Ranavirus sp.","0","0","0","0","0","0","0","0","0","0","0"
"Renibacterium salmoninarum","0","68","0","0","0","0","0","0","0","0","0"
"Rhabdovirus carpio","0","0","0","0","0","0","0","0","0","0","0"
